AAACATTGCACTAG-1	A
AAACATTGGCTAAC-1	A
AAACATTGTAACCG-1	A
AAACCGTGTGGTCA-1	A
AAACCGTGTTACCT-1	A
AAACGCACACGGGA-1	A
AAACGCACGTATCG-1	A
AAACGCACTTCTAC-1	A
AAACGGCTCATTTC-1	A
AAACGGCTCCGTTC-1	A
AAACTTGATCCTTA-1	A
AAAGACGAATGACC-1	A
AAAGACGACTAGCA-1	A
AAAGACGAGGAGCA-1	A
AAAGACGATCGTTT-1	A
AAAGAGACCTACGA-1	A
AAAGAGACGATAGA-1	A
AAAGATCTGGGCAA-1	A
AAAGATCTTACAGC-1	A
AAAGCAGAACCAAC-1	A
AAAGCAGACCTCCA-1	A
AAAGCAGAGTAAAG-1	A
AAAGCCTGACGGAG-1	A
AAAGCCTGGTGCTA-1	A
AAAGCCTGTTGACG-1	A
AAAGGCCTCGAACT-1	A
AAAGGCCTGGATTC-1	A
AAAGGCCTTGACCA-1	A
AAATACTGAATCGC-1	A
AAATACTGACCTTT-1	A
AAATACTGCCAACA-1	A
AAATACTGCGATAC-1	A
AAATCCCTAACCAC-1	A
AAATCCCTCGGGAA-1	A
AAATCCCTTTTGTC-1	A
AAATGGGACTAAGC-1	A
AAATGTTGAGATGA-1	A
AAATTCGAATTTCC-1	A
AAATTCGACACTCC-1	A
AAATTCGATGTCTT-1	A
AAATTGACCATGCA-1	A
AAATTGACCTAGCA-1	A
AAATTGACGAACCT-1	A
AACAAACTACCTCC-1	A
AACAATACATCTCT-1	A
AACACGTGACCATG-1	A
AACACGTGAGTTCG-1	A
AACACGTGCCCTTG-1	A
AACACGTGCCGATA-1	A
AACACTCTAGCAAA-1	A
AACACTCTAGGCGA-1	A
AACAGAGAATTCTC-1	A
AACAGAGACTCGCT-1	A
AACAGCACTAGTCG-1	A
AACATATGCCATAG-1	A
AACATTGAACTGTG-1	A
AACCACGAAACAGA-1	A
AACCACGAAGATGA-1	A
AACCACGAATGCTG-1	A
AACCACGACTCCCA-1	A
AACCCAGACACCAA-1	A
AACCCAGATGTGAC-1	A
AACCGATGCTCAAG-1	A
AACCGATGTGTGGT-1	A
AACCGCCTGCGTAT-1	A
AACCGCCTGTTGTG-1	A
AACCTACTCATTTC-1	A
AACCTACTGAAGGC-1	A
AACCTACTGATACC-1	A
AACCTTACCCTGAA-1	A
AACCTTACTCTTTG-1	A
AACCTTTGCCTTTA-1	A
AACCTTTGGAATGA-1	A
AACCTTTGGTCTTT-1	A
AACGCAACGGCAAG-1	A
AACGCAACGGTAAA-1	A
AACGCATGCCTTCG-1	A
AACGCATGTCCAGA-1	A
AACGCCCTCCACCT-1	A
AACGCCCTGGACGA-1	A
AACGCCCTGTTGGT-1	A
AACGCCCTTGGCAT-1	A
AACGCCCTTTCGGA-1	A
AACGGTACACACAC-1	A
AACGGTACCGACAT-1	A
AACGGTACGTTGGT-1	A
AACGGTACTATTCC-1	A
AACGGTTGAGAAGT-1	A
AACGGTTGCCACAA-1	A
AACGGTTGTGCTCC-1	A
AACGTCGAGCTTCC-1	A
AACGTCGATACTCT-1	A
AACGTGTGCCCACT-1	A
AACGTGTGGTAGCT-1	A
AACGTGTGTCAGGT-1	A
AACTACCTCAACCA-1	A
AACTCACTAAGAGT-1	A
AACTCACTCGAGTT-1	A
AACTCACTGTTCTT-1	A
AACTCACTTGCCAA-1	A
AACTCTTGGAGGGT-1	A
AACTGTCTACCAAC-1	A
AACTGTCTGTTTCT-1	A
AACTGTCTTCGTAG-1	A
AACTGTCTTCTTAC-1	A
AACTTGCTATAAGG-1	A
AACTTGCTGACAAA-1	A
AACTTGCTTGATGC-1	A
AACTTGCTTTCTCA-1	A
AAGAACGACGATAC-1	A
AAGAACGAGGTAAA-1	A
AAGACAGAAGTGCT-1	A
AAGACAGATACAGC-1	A
AAGAGATGATACCG-1	A
AAGAGATGCAGATC-1	A
AAGATGGAACTGTG-1	A
AAGATGGAGAACTC-1	A
AAGATTACTGTAGC-1	A
AAGCAAGAACCGAT-1	A
AAGCAAGACTGGAT-1	A
AAGCAAGAGATACC-1	A
AAGCAAGAGATAGA-1	A
AAGCAAGAGGTTAC-1	A
AAGCCAACATTCCT-1	A
AAGCCAACCGTCTC-1	A
AAGCCAACTGTCAG-1	A
AAGCCATGAACCAC-1	A
AAGCCATGGCGGAA-1	A
AAGCCATGGTTGAC-1	A
AAGCCATGGTTTCT-1	A
AAGCCTGATTTGCT-1	A
AAGCGACTAGAGTA-1	A
AAGCGTACATTGGC-1	A
AAGCGTACGTCACA-1	A
AAGCGTACTCTTAC-1	A
AAGGCTACCTGAGT-1	A
AAGGTCACGTTTCT-1	A
AAGGTCACTAGCCA-1	A
AAGGTGCTACACTG-1	A
AAGGTGCTCAAGCT-1	A
AAGGTGCTCGAGTT-1	A
AAGGTGCTCTCTTA-1	A
AAGTAGGAAACCGT-1	A
AAGTAGGACAAGCT-1	A
AAGTATACGCCCTT-1	A
AAGTATACTATGGC-1	A
AAGTATACTCGACA-1	A
AAGTCCGATGCTCC-1	A
AAGTGCACCCTGTC-1	A
AAGTGCACTTATCC-1	A
AAGTGGCTACGACT-1	A
AAGTTATGCTCCCA-1	A
AAGTTATGGAGCAG-1	A
AAGTTATGTGGCAT-1	A
AAGTTCCTCTCGAA-1	A
AAGTTCCTGTCATG-1	A
AATAACACTGGGAG-1	A
AATAAGCTCCAAGT-1	A
AATAAGCTGACGGA-1	A
AATAAGCTGTTACG-1	A
AATACCCTTCAGTG-1	A
AATACTGAAACGAA-1	A
AATACTGATTTCAC-1	A
AATAGGGACACCAA-1	A
AATAGGGATGACTG-1	A
AATATCGACCTGAA-1	A
AATATCGACTGATG-1	A
AATATCGATCGTAG-1	A
AATCAAACGTGAGG-1	A
AATCAAACGTTCAG-1	A
AATCAAACTTCATC-1	A
AATCCGGACCACCT-1	A
AATCCGGACCTACC-1	A
AATCCGGATCGCAA-1	A
AATCCGGATTGGTG-1	A
AATCCTACTGGGAG-1	A
AATCCTTGCGAATC-1	A
AATCGGTGGAGGAC-1	A
AATCGGTGGCGTAT-1	A
AATCTAGAATCTCT-1	A
AATCTCACCTCGAA-1	A
AATCTCACGTTGTG-1	A
AATCTCTGTTGTGG-1	A
AATGAGGACCGCTT-1	A
AATGAGGACGCATA-1	A
AATGAGGATGCCTC-1	A
AATGATACAGCACT-1	A
AATGATACTACTGG-1	A
AATGCGTGGGTGAG-1	A
AATGCGTGTTTGTC-1	A
AATGGAGATAGCGT-1	A
AATGGAGATCAAGC-1	A
AATGTAACACAGCT-1	A
AATGTAACTCTCTA-1	A
AATGTTGAGGACAG-1	A
AATTCCTGAGAAGT-1	A
AATTGATGTGCACA-1	A
AATTGTGAACGTAC-1	A
ACAAAGGACTCTCG-1	A
ACAAAGGAGCGGAA-1	A
ACAAAGGATGCAAC-1	A
ACAAATTGCAAGCT-1	A
ACAAATTGCAGTCA-1	A
ACAAATTGCTTGGA-1	A
ACAAATTGTCTATC-1	A
ACAAGAGAGGACAG-1	A
ACAAGAGATAGAAG-1	A
ACAATAACTCCGAA-1	A
ACAATAACTGAACC-1	A
ACAATAACTGGTTG-1	A
ACAATAACTGTAGC-1	A
ACAATCCTAAGCCT-1	A
ACAATCCTCGAACT-1	A
ACAATTGAAGGTCT-1	A
ACACAGACCCCAAA-1	A
ACACAGACCCTGTC-1	A
ACACAGACGCAAGG-1	A
ACACAGACTACGCA-1	A
ACACAGACTGACTG-1	A
ACACATCTCAGATC-1	A
ACACATCTCATACG-1	A
ACACCAGAACGGTT-1	A
ACACCCTGAAAACG-1	A
ACACCCTGAGAGAT-1	A
ACACGAACGGAAGC-1	A
ACACGAACTGTGCA-1	A
ACACGATGCCATAG-1	A
ACACGTGAAATCGC-1	A
ACAGACACACGGGA-1	A
ACAGACACTGCTCC-1	A
ACAGACACTTCCAT-1	A
ACAGGTACGGTATC-1	A
ACAGGTACTAGCGT-1	A
ACAGTCGAATGACC-1	A
ACAGTCGACTACTT-1	A
ACAGTCGAGGGTGA-1	A
ACAGTGACCACTCC-1	A
ACAGTGACTGCTAG-1	A
ACAGTGTGACTAGC-1	A
ACATACCTAACTGC-1	A
ACATACCTACCATG-1	A
ACATACCTACCTTT-1	A
ACATCACTCCGAAT-1	A
ACATCACTTGTAGC-1	A
ACATGGTGATTCTC-1	A
ACATGGTGTAGTCG-1	A
ACATTCTGGGTATC-1	A
ACATTCTGGTACCA-1	A
ACCAACGACAACTG-1	A
ACCAACGAGTCTGA-1	A
ACCAACGATGCCTC-1	A
ACCACAGAACTTTC-1	A
ACCACAGACCACCT-1	A
ACCACAGATGCACA-1	A
ACCACCTGACACGT-1	A
ACCACGCTGCCAAT-1	A
ACCAGCCTGTAGCT-1	A
ACCAGCCTGTCACA-1	A
ACCAGCCTGTGTCA-1	A
ACCAGTGATACAGC-1	A
ACCAGTGATGGATC-1	A
ACCAGTGATGTCTT-1	A
ACCAGTGATTCTGT-1	A
ACCATTACACCTCC-1	A
ACCATTACCATGCA-1	A
ACCATTACGAGGCA-1	A
ACCATTACGGTGAG-1	A
ACCATTACTGTTTC-1	A
ACCATTTGCAACCA-1	A
ACCATTTGTCCTAT-1	A
ACCATTTGTGCTGA-1	A
ACCATTTGTGGTCA-1	A
ACCCAAGAGCCTTC-1	A
ACCCAAGATAGCCA-1	A
ACCCAAGATGGGAG-1	A
ACCCGTTGGATGAA-1	A
ACCCGTTGGCTTAG-1	A
ACCCTCGAGTCATG-1	A
ACCGAAACCCTTAT-1	A
ACCGAAACGAAACA-1	A
ACCGAAACGAATAG-1	A
ACCGAAACTTCGGA-1	A
ACCGCGGATCGCAA-1	A
ACCGTGCTGAGAGC-1	A
ACCTATTGAGACTC-1	A
ACCTATTGCGTCTC-1	A
ACCTCCGAAGATGA-1	A
ACCTCGTGCTGTTT-1	A
ACCTGAGACACAAC-1	A
ACCTGAGACCTACC-1	A
ACCTGAGACTGCAA-1	A
ACCTGGCTATCACG-1	A
ACCTGGCTCGTGAT-1	A
ACCTTTGATGCTTT-1	A
ACGAACACGAGCTT-1	A
ACGAACACGATAGA-1	A
ACGAACACGTCATG-1	A
ACGAAGCTGTCTAG-1	A
ACGAAGCTTGCTTT-1	A
ACGACAACGACGAG-1	A
ACGACAACTGCTAG-1	A
ACGACCCTCCTGTC-1	A
ACGACCCTTCGACA-1	A
ACGAGGGAGTTTGG-1	A
ACGAGGGATGCTAG-1	A
ACGAGGGATTGAGC-1	A
ACGAGTACAAGGGC-1	A
ACGATCGATACTCT-1	A
ACGATCGATCCTTA-1	A
ACGATGACAGGCGA-1	A
ACGATTCTAGATCC-1	A
ACGATTCTCACCAA-1	A
ACGATTCTCCTACC-1	A
ACGATTCTGTTCTT-1	A
ACGCAATGAAGTGA-1	A
ACGCAATGCGACAT-1	A
ACGCACCTAAAGTG-1	A
ACGCACCTGAACCT-1	A
ACGCACCTGTAAAG-1	A
ACGCACCTGTCATG-1	A
ACGCACCTTTGCGA-1	A
ACGCACCTTTGGCA-1	A
ACGCCACTATCACG-1	A
ACGCCACTATCGTG-1	A
ACGCCACTGCCCTT-1	A
ACGCCTTGCTGTCC-1	A
ACGCGGTGCTATTC-1	A
ACGCTCACGAGGGT-1	A
ACGCTCACGTCGTA-1	A
ACGCTCACTGACAC-1	A
ACGCTCACTGCCCT-1	A
ACGCTCACTTCCCG-1	A
ACGCTGCTTCGATG-1	A
ACGCTGCTTTTCAC-1	A
ACGGAGGAAGAGTA-1	A
ACGGAGGACGCATA-1	A
ACGGAGGACGGAGA-1	A
ACGGATTGACGTAC-1	A
ACGGATTGCGTCTC-1	A
ACGGATTGGGAAAT-1	A
ACGGATTGTTTGTC-1	A
ACGGGAGAACCAGT-1	A
ACGGGAGACGGTAT-1	A
ACGGGAGAGTACCA-1	A
ACGGGAGAGTCTTT-1	A
ACGGTAACCTGCAA-1	A
ACGGTAACGTGTTG-1	A
ACGGTATGCTTAGG-1	A
ACGGTATGTACAGC-1	A
ACGGTCCTCCTGTC-1	A
ACGTAGACGGTTCA-1	A
ACGTAGACGTAAAG-1	A
ACGTAGACTTCTGT-1	A
ACGTCAGAAATCGC-1	A
ACGTCAGAAGCATC-1	A
ACGTCAGATCATTC-1	A
ACGTCGCTGCAAGG-1	A
ACGTGATGAGGTCT-1	A
ACGTGCCTAGGTTC-1	A
ACGTGCCTTGCTAG-1	A
ACGTTACTCCCAAA-1	A
ACGTTACTCCTACC-1	A
ACGTTGGACAGGAG-1	A
ACGTTGGACTATGG-1	A
ACGTTGGATCGTGA-1	A
ACTAAAACGCTATG-1	A
ACTACGGACCTATT-1	A
ACTACGGAGTTCAG-1	A
ACTACGGATCACGA-1	A
ACTACTACACACCA-1	A
ACTAGGTGCTCTCG-1	A
ACTAGGTGGAGGCA-1	A
ACTATCACACAGCT-1	A
ACTATCACCCATAG-1	A
ACTATCACGGCGAA-1	A
ACTATCACGGTGGA-1	A
ACTCCCGACGTGAT-1	A
ACTCCCGATCAGAC-1	A
ACTCCTCTACCTCC-1	A
ACTCCTCTGGAGGT-1	A
ACTCCTCTTGAGGG-1	A
ACTCGAGAACGACT-1	A
ACTCGAGAGTTCTT-1	A
ACTCGAGATTGCGA-1	A
ACTCGCACCGCTAA-1	A
ACTCTATGGAGACG-1	A
ACTCTATGGTAAAG-1	A
ACTCTATGTGGATC-1	A
ACTCTCCTTGCTAG-1	A
ACTGAGACAGGGTG-1	A
ACTGAGACGAAACA-1	A
ACTGAGACGAGACG-1	A
ACTGCCTGTCAAGC-1	A
ACTGTGGATGTTTC-1	A
ACTGTGGATTCGCC-1	A
ACTGTTACAGATGA-1	A
ACTGTTACTATCGG-1	A
ACTTAAGACCTTTA-1	A
ACTTAAGAGACGGA-1	A
ACTTAAGATGTTCT-1	A
ACTTAGCTATCGGT-1	A
ACTTCAACCGTTAG-1	A
ACTTCCCTACTACG-1	A
ACTTCCCTGCCTTC-1	A
ACTTCCCTTTCTGT-1	A
ACTTCTGATGGTTG-1	A
ACTTGACTCAGTCA-1	A
ACTTGACTCGAATC-1	A
ACTTGGGAACCTGA-1	A
ACTTGGGACACTGA-1	A
ACTTGTACCTTGCC-1	A
ACTTTGTGTTTCGT-1	A
AGAAACGACTGACA-1	A
AGAAAGTGGCTACA-1	A
AGAACGCTGTCAAC-1	A
AGAAGATGAACTGC-1	A
AGAAGATGGAAGGC-1	A
AGAAGATGGGACTT-1	A
AGAATACTACGGAG-1	A
AGAATACTTAACGC-1	A
AGAATGGAGTCTAG-1	A
AGAATGGATCCTGC-1	A
AGAATGGATTTGGG-1	A
AGAATTTGAAGCAA-1	A
AGAATTTGACACAC-1	A
AGACACACCAGATC-1	A
AGACACACCATGCA-1	A
AGACACACCCCTTG-1	A
AGACACACTGCTAG-1	A
AGACACTGCAGAAA-1	A
AGACCTGAAGCCTA-1	A
AGACCTGACCCTCA-1	A
AGACCTGATTCAGG-1	A
AGACGTACAGTCTG-1	A
AGACTCGACACTAG-1	A
AGACTCGATACGCA-1	A
AGACTCGATTCTAC-1	A
AGACTGACGCTGAT-1	A
AGACTTCTAACCTG-1	A
AGACTTCTATAAGG-1	A
AGACTTCTATCACG-1	A
AGACTTCTCTGGAT-1	A
AGAGAAACGTGCAT-1	A
AGAGAAACTATCTC-1	A
AGAGAAACTGGTCA-1	A
AGAGAATGTTCGCC-1	A
AGAGATGAAGCGTT-1	A
AGAGATGAGCGTTA-1	A
AGAGATGATGTTTC-1	A
AGAGCGGAACGGAG-1	A
AGAGCGGATACGAC-1	A
AGAGGTCTGACAGG-1	A
AGAGTCACCGAGAG-1	A
AGATATACAAGGGC-1	A
AGATATACCAGAAA-1	A
AGATATACTAGAGA-1	A
AGATATTGCTTGGA-1	A
AGATCGTGGGAACG-1	A
AGATTAACCCTGAA-1	A
AGATTAACTCTATC-1	A
AGATTCCTAGTGCT-1	A
AGATTCCTCCTTTA-1	A
AGCAAAGAAACAGA-1	A
AGCAAAGACAGAAA-1	A
AGCAAAGAGTCCTC-1	A
AGCAAAGATTTGTC-1	A
AGCAACACCACAAC-1	A
AGCAACACCTTGAG-1	A
AGCAACACGGATTC-1	A
AGCAACACTGGTCA-1	A
AGCAACACTTACCT-1	A
AGCAAGCTGAGGCA-1	A
AGCAAGCTTGCCAA-1	A
AGCAAGCTTTGAGC-1	A
AGCACAACCAGCTA-1	A
AGCACTGACCACAA-1	A
AGCACTGATCCTGC-1	A
AGCATCGACCTTTA-1	A
AGCATCGAGTAGCT-1	A
AGCATGACGTCTAG-1	A
AGCATGACGTGTTG-1	A
AGCATTCTCCATAG-1	A
AGCATTCTTGACCA-1	A
AGCCAATGTGGAAA-1	A
AGCCAATGTTCGTT-1	A
AGCCACCTGAACTC-1	A
AGCCACCTTTGCAG-1	A
AGCCGGACGCGTTA-1	A
AGCCGGACGTAGGG-1	A
AGCCGGACTCTTCA-1	A
AGCCGTCTCCTGTC-1	A
AGCCGTCTCGACAT-1	A
AGCCGTCTGACAGG-1	A
AGCCTCACCGCTAA-1	A
AGCCTCACTGGTAC-1	A
AGCGATTGGAGCAG-1	A
AGCGCCGAAGTTCG-1	A
AGCGCCGACTCGCT-1	A
AGCGCCGAGTTCTT-1	A
AGCGCTCTAGTCGT-1	A
AGCGCTCTGCAGTT-1	A
AGCGGCACGGTCAT-1	A
AGCGGCACTGCTAG-1	A
AGCGGCACTGTCGA-1	A
AGCGGCTGGCATAC-1	A
AGCGGCTGTGGGAG-1	A
AGCGGGCTCCAGTA-1	A
AGCGTAACAACTGC-1	A
AGCGTAACCTCCAC-1	A
AGCGTAACGATGAA-1	A
AGCTCGCTCAGGAG-1	A
AGCTCGCTTGGCAT-1	A
AGCTGCCTAAAACG-1	A
AGCTGCCTCAAAGA-1	A
AGCTGTGAGTATGC-1	A
AGCTTACTCTTGCC-1	A
AGCTTTACGTATCG-1	A
AGGAAATGGGTTAC-1	A
AGGAAATGGTCTGA-1	A
AGGAACCTGCGGAA-1	A
AGGAACCTGGAACG-1	A
AGGAACCTTAGACC-1	A
AGGAACCTTCCCGT-1	A
AGGAATGAAAGTGA-1	A
AGGAATGAGGACTT-1	A
AGGACACTATGACC-1	A
AGGACACTGTTCTT-1	A
AGGACACTTAACCG-1	A
AGGACACTTCCTCG-1	A
AGGACACTTTTGTC-1	A
AGGACTTGAATGCC-1	A
AGGACTTGACGGGA-1	A
AGGACTTGACTGTG-1	A
AGGACTTGCCTCGT-1	A
AGGACTTGCGGAGA-1	A
AGGACTTGCTACGA-1	A
AGGACTTGTCCGTC-1	A
AGGAGTCTCCTCCA-1	A
AGGAGTCTTTCGTT-1	A
AGGATAGAGTCACA-1	A
AGGATAGATAAGGA-1	A
AGGATAGATGTTTC-1	A
AGGATAGATTCGCC-1	A
AGGATGCTCAGTCA-1	A
AGGATGCTGTGCAT-1	A
AGGCAACTCCCTTG-1	A
AGGCAACTTGCCTC-1	A
AGGCAGGAATCGTG-1	A
AGGCCTCTGACTAC-1	A
AGGCCTCTGAGATA-1	A
AGGGACGAAAACAG-1	A
AGGGACGACAGAAA-1	A
AGGGACGACGCTAA-1	A
AGGGACGAGGTCAT-1	A
AGGGAGTGCCGTTC-1	A
AGGGAGTGCTGAGT-1	A
AGGGCCACCCCAAA-1	A
AGGGCGCTACCACA-1	A
AGGGCGCTTCGTTT-1	A
AGGGTGGAGTCGAT-1	A
AGGGTTTGCGTAGT-1	A
AGGGTTTGGCGAGA-1	A
AGGTACACAGCGGA-1	A
AGGTACTGTGGAGG-1	A
AGGTCATGAGCGGA-1	A
AGGTCATGTCACCC-1	A
AGGTCTGACACTAG-1	A
AGGTCTGATCTTAC-1	A
AGGTGTTGCCGATA-1	A
AGGTGTTGGTATCG-1	A
AGGTTCGAGGTCTA-1	A
AGGTTCGAGGTTTG-1	A
AGGTTGTGACCCAA-1	A
AGGTTGTGCTCGAA-1	A
AGGTTGTGGAGGAC-1	A
AGTAAGGAAGGTCT-1	A
AGTAAGGACGTACA-1	A
AGTAAGGATACTCT-1	A
AGTAATACTGATGC-1	A
AGTAATTGTTCTGT-1	A
AGTACGTGAAGGGC-1	A
AGTACGTGCCATAG-1	A
AGTACGTGTGGAGG-1	A
AGTACTCTTCTGGA-1	A
AGTAGAGAGGCGAA-1	A
AGTAGGCTAACCTG-1	A
AGTAGGCTCCTTCG-1	A
AGTAGGCTGTTGGT-1	A
AGTATAACACTCAG-1	A
AGTATAACTAGCCA-1	A
AGTATCCTGCCTTC-1	A
AGTCACGAAAGATG-1	A
AGTCACGAACTCAG-1	A
AGTCACGAAGTCTG-1	A
AGTCACGACCCTAC-1	A
AGTCACGACTTAGG-1	A
AGTCCAGACGAGTT-1	A
AGTCCAGACTGAAC-1	A
AGTCGAACTCGTGA-1	A
AGTCGCCTCTAGTG-1	A
AGTCGCCTGAATCC-1	A
AGTCTACTCAGAGG-1	A
AGTCTACTCTCATT-1	A
AGTCTTACACTTTC-1	A
AGTGAAGAACCTAG-1	A
AGTGAAGACCACCT-1	A
AGTGAAGACCTGAA-1	A
AGTGACACGGTACT-1	A
AGTGCAACCCTAAG-1	A
AGTGCAACGCAAGG-1	A
AGTGCAACGCGAGA-1	A
AGTGTGACGATGAA-1	A
AGTGTGACTCCGTC-1	A
AGTGTGACTGTGCA-1	A
AGTGTGACTTGACG-1	A
AGTGTTCTGAATGA-1	A
AGTTAAACAACTGC-1	A
AGTTAAACCAGGAG-1	A
AGTTATGAAACGTC-1	A
AGTTATGACCAATG-1	A
AGTTATGAGAAAGT-1	A
AGTTCTACCAAGCT-1	A
AGTTCTACGTTCTT-1	A
AGTTCTTGGGTCAT-1	A
AGTTGTCTTCTTCA-1	A
AGTTTAGAAATGCC-1	A
AGTTTAGAAGGTTC-1	A
AGTTTAGAGAGGTG-1	A
AGTTTAGATCGCCT-1	A
AGTTTCACCAATCG-1	A
AGTTTCACCTGTAG-1	A
AGTTTCACTTGCGA-1	A
AGTTTGCTCTGTTT-1	A
AGTTTGCTGCGTTA-1	A
ATAAACACCACTCC-1	A
ATAAACACCACTGA-1	A
ATAAACACCCAAGT-1	A
ATAACAACTCCAGA-1	A
ATAACAACTGACCA-1	A
ATAACATGGTGCTA-1	A
ATAACATGTTAGGC-1	A
ATAACATGTTGGCA-1	A
ATAACCCTGTATGC-1	A
ATAAGTACCAGGAG-1	A
ATAAGTACCCTTGC-1	A
ATAAGTACGAGAGC-1	A
ATAAGTTGCTCAAG-1	A
ATAAGTTGTATTCC-1	A
ATAAGTTGTGCATG-1	A
ATAATCGACAACCA-1	A
ATAATGACTTGACG-1	A
ATACAATGGGCAAG-1	A
ATACAATGTCTGGA-1	A
ATACACCTGTAGCT-1	A
ATACCACTCCATGA-1	A
ATACCACTCTCATT-1	A
ATACCGGAGGATCT-1	A
ATACCGGATACAGC-1	A
ATACCGGATCCGTC-1	A
ATACCGGATGTCCC-1	A
ATACCTACCGTAAC-1	A
ATACCTACTCGACA-1	A
ATACCTTGAGGGTG-1	A
ATACCTTGCTCAGA-1	A
ATACGTCTTGCCAA-1	A
ATACGTCTTTTCGT-1	A
ATACTCTGATACCG-1	A
ATACTCTGGCGGAA-1	A
ATACTCTGTACAGC-1	A
ATAGAACTGAAACA-1	A
ATAGAACTTCGCTC-1	A
ATAGATACCTGGAT-1	A
ATAGATACCTTGGA-1	A
ATAGATACTGTAGC-1	A
ATAGATTGGCTAAC-1	A
ATAGCCGACCCTCA-1	A
ATAGCCGACTTGTT-1	A
ATAGCGTGGACAGG-1	A
ATAGCTCTGAACCT-1	A
ATAGGAGAAACTGC-1	A
ATAGGCTGAGTTCG-1	A
ATAGGCTGATCGTG-1	A
ATAGGCTGGCGAGA-1	A
ATAGGCTGTGTCTT-1	A
ATAGTCCTAGAGTA-1	A
ATAGTCCTCGACAT-1	A
ATAGTTGAGACGAG-1	A
ATAGTTGATTCTGT-1	A
ATATACGACTTCCG-1	A
ATATAGTGACACAC-1	A
ATATAGTGGTAGGG-1	A
ATATGCCTCCACCT-1	A
ATATGCCTCTGTGA-1	A
ATCAAATGACGTAC-1	A
ATCAACCTGCCTTC-1	A
ATCAACCTGGTGGA-1	A
ATCACACTAAGGTA-1	A
ATCACACTCCAACA-1	A
ATCACACTTCTCAT-1	A
ATCACGGACCTTAT-1	A
ATCACTACATCGTG-1	A
ATCACTACGCTATG-1	A
ATCACTTGCAGAAA-1	A
ATCACTTGGGAACG-1	A
ATCACTTGTAAAGG-1	A
ATCAGGTGGAGATA-1	A
ATCAGGTGGCATCA-1	A
ATCAGGTGGTTCTT-1	A
ATCATCTGACGTGT-1	A
ATCATGCTGAAGGC-1	A
ATCATGCTGTCGAT-1	A
ATCATGCTTACTCT-1	A
ATCATGCTTGCGTA-1	A
ATCCAGGAGACTAC-1	A
ATCCAGGAGCAAGG-1	A
ATCCATACCAACCA-1	A
ATCCATACCGCAAT-1	A
ATCCCGTGGTTAGC-1	A
ATCCCGTGTGTAGC-1	A
ATCCGCACTAACCG-1	A
ATCCTAACAAACAG-1	A
ATCCTAACCAGAAA-1	A
ATCCTAACTAACCG-1	A
ATCCTAACTCTACT-1	A
ATCGACGAGCAGAG-1	A
ATCGACGATCGCTC-1	A
ATCGACGATCGTGA-1	A
ATCGACGATGTTCT-1	A
ATCGAGTGAAGCCT-1	A
ATCGCAGACGGAGA-1	A
ATCGCAGATTCAGG-1	A
ATCGCCACGAATCC-1	A
ATCGCCTGCGAATC-1	A
ATCGCCTGCTGTAG-1	A
ATCGCGCTCCTATT-1	A
ATCGCGCTGTGCTA-1	A
ATCGGAACACGCTA-1	A
ATCGGAACGCGGAA-1	A
ATCGGTGAACGGGA-1	A
ATCGGTGAGCCCTT-1	A
ATCGGTGATCCTCG-1	A
ATCGGTGATTAGGC-1	A
ATCGTTTGCTTATC-1	A
ATCTACACCGATAC-1	A
ATCTACACTTCTGT-1	A
ATCTACTGCAGAAA-1	A
ATCTACTGCCTTTA-1	A
ATCTACTGCTCAAG-1	A
ATCTCAACGGTTTG-1	A
ATCTGACTTAGACC-1	A
ATCTGACTTCTTCA-1	A
ATCTGACTTTTCTG-1	A
ATCTGGGATATTCC-1	A
ATCTGGGATCAGTG-1	A
ATCTGTTGCTCAGA-1	A
ATCTTGACCGTTGA-1	A
ATCTTTCTGAGCTT-1	A
ATCTTTCTGCGGAA-1	A
ATGAAACTGTAGGG-1	A
ATGAAACTTCCTTA-1	A
ATGAAACTTGTTTC-1	A
ATGAAGGAGTTGGT-1	A
ATGAGAGAAGTCTG-1	A
ATGAGAGACCGATA-1	A
ATGAGAGATACAGC-1	A
ATGAGAGATGCATG-1	A
ATGAGCACACCACA-1	A
ATGAGCACCTTAGG-1	A
ATGAGCACGGAGGT-1	A
ATGATAACAACGTC-1	A
ATGATAACGGTTAC-1	A
ATGCACGAAGACTC-1	A
ATGCACGACCCTTG-1	A
ATGCACGAGCTCCT-1	A
ATGCAGTGTCCTCG-1	A
ATGCCAGATCTTAC-1	A
ATGCCGCTTACTGG-1	A
ATGCGCCTAAGTGA-1	A
ATGCGCCTAGAAGT-1	A
ATGCGCCTGTCGAT-1	A
ATGGACACAACTGC-1	A
ATGGACACCTCAAG-1	A
ATGGACACGGAGCA-1	A
ATGGACACTGGAGG-1	A
ATGGACACTTCTCA-1	A
ATGGTGACCCTCCA-1	A
ATGTAAACCGGAGA-1	A
ATGTAAACGAGGTG-1	A
ATGTAAACGTCTGA-1	A
ATGTAAACTAAAGG-1	A
ATGTACCTATGTCG-1	A
ATGTACCTCTCAAG-1	A
ATGTACCTGTGTTG-1	A
ATGTCACTGGACTT-1	A
ATGTCACTGGATCT-1	A
ATGTCACTGTCGAT-1	A
ATGTCACTTGAAGA-1	A
ATGTCACTTTTGCT-1	A
ATGTTAGATGGCAT-1	A
ATGTTCACCCTTGC-1	A
ATGTTGCTCAGAGG-1	A
ATGTTGCTCGGGAA-1	A
ATTAACGAACTACG-1	A
ATTAAGACAACCGT-1	A
ATTAAGACACGCTA-1	A
ATTACCACAGAAGT-1	A
ATTACCACATCACG-1	A
ATTACCACCTAGTG-1	A
ATTACCTGAGTACC-1	A
ATTACCTGGTTGGT-1	A
ATTACCTGTTTCTG-1	A
ATTAGTGAAGCGGA-1	A
ATTAGTGACACTTT-1	A
ATTAGTGACCTAAG-1	A
ATTAGTGACGTGTA-1	A
ATTATGGACTTACT-1	A
ATTATGGATAGCGT-1	A
ATTCAAGAAACCAC-1	A
ATTCAAGAGCGATT-1	A
ATTCAAGAGTCTAG-1	A
ATTCAAGATGCTGA-1	A
ATTCAGCTCCTTCG-1	A
ATTCAGCTCTCCCA-1	A
ATTCAGCTGTCCTC-1	A
ATTCCAACTGAAGA-1	A
ATTCCATGACCTGA-1	A
ATTCCATGGCCCTT-1	A
ATTCGGGACATGGT-1	A
ATTCGGGACGCAAT-1	A
ATTCTGACCCTCGT-1	A
ATTCTTCTGAAAGT-1	A
ATTGAAACCCGATA-1	A
ATTGAAACCGAGAG-1	A
ATTGAAACGCGAAG-1	A
ATTGAATGCTCGAA-1	A
ATTGAATGGTCTAG-1	A
ATTGAATGTCCCAC-1	A
ATTGCACTATGCTG-1	A
ATTGCTACTTGCTT-1	A
ATTGCTTGCTTGTT-1	A
ATTGCTTGTCGCTC-1	A
ATTGGGTGACCCTC-1	A
ATTGGTCTAACTGC-1	A
ATTGGTCTCATTGG-1	A
ATTGGTCTGGGCAA-1	A
ATTGGTCTTGTGGT-1	A
ATTGTAGAAACAGA-1	A
ATTGTCTGACTGGT-1	A
ATTGTCTGAGCTCA-1	A
ATTGTCTGAGGGTG-1	A
ATTGTCTGCGACAT-1	A
ATTTAGGAAACGTC-1	A
ATTTAGGATGACCA-1	A
ATTTCCGAAGCTCA-1	A
ATTTCCGAGACTAC-1	A
ATTTCCGATCAGTG-1	A
ATTTCGTGGGACAG-1	A
ATTTCTCTCTTCGC-1	A
ATTTCTCTTCCGTC-1	A
ATTTGCACGGTTAC-1	A
CAAAGCACGATGAA-1	A
CAAAGCACGTCGTA-1	A
CAAAGCTGAGAATG-1	A
CAAAGCTGATCTTC-1	A
CAAAGCTGCCAACA-1	A
CAAAGCTGGAATGA-1	A
CAAATATGAACTGC-1	A
CAAATTGAAGAGGC-1	A
CAAATTGAAGAGTA-1	A
CAAATTGACTCAAG-1	A
CAAATTGAGTAAGA-1	A
CAAATTGATTCAGG-1	A
CAACAGACCGAATC-1	A
CAACCAGACCTGAA-1	A
CAACCAGATAGAAG-1	A
CAACCGCTACACAC-1	A
CAACGAACAGTGCT-1	A
CAACGATGCAGAAA-1	A
CAACGATGCTCATT-1	A
CAACGATGGTCTTT-1	A
CAACGATGTCGATG-1	A
CAACGTGAAAGAAC-1	A
CAACGTGAAGTACC-1	A
CAACGTGATTCTCA-1	A
CAACTTTGGACGGA-1	A
CAAGAAGATGCAGT-1	A
CAAGACACGTTGAC-1	A
CAAGACTGGTTCGA-1	A
CAAGACTGTGGGAG-1	A
CAAGCATGAAGATG-1	A
CAAGCTGATAGACC-1	A
CAAGCTGATGAGAA-1	A
CAAGCTGATGGATC-1	A
CAAGGACTACCCAA-1	A
CAAGGACTCGAACT-1	A
CAAGGACTTAGAAG-1	A
CAAGGACTTGAGGG-1	A
CAAGTCGAAGCACT-1	A
CAAGTCGAGCCAAT-1	A
CAAGTCGAGGGACA-1	A
CAAGTCGATCGCAA-1	A
CAAGTTCTCGGAGA-1	A
CAAGTTCTGTATGC-1	A
CAAGTTCTGTTTCT-1	A
CAAGTTCTTGGATC-1	A
CAATAAACTGAGCT-1	A
CAATATGAGTCAAC-1	A
CAATATGATGTAGC-1	A
CAATCGGAGGTGGA-1	A
CAATCGGATGGTGT-1	A
CAATCGGATTGCTT-1	A
CAATCTACCGTAGT-1	A
CAATCTACCTTCCG-1	A
CAATCTACGATGAA-1	A
CAATCTACGGTTAC-1	A
CAATCTACGTACGT-1	A
CAATGGACTCTCAT-1	A
CAATGGACTTTCTG-1	A
CAATGGACTTTGCT-1	A
CAATTCTGATCAGC-1	A
CAATTCTGCTAGCA-1	A
CACAACGAAGTCAC-1	A
CACAACGACAGATC-1	A
CACACCTGCAGGAG-1	A
CACACCTGCTTATC-1	A
CACACCTGGTCCTC-1	A
CACAGAACGAACCT-1	A
CACAGATGCCATAG-1	A
CACAGATGTGAAGA-1	A
CACAGCCTAGCATC-1	A
CACAGCCTGCAGTT-1	A
CACAGCCTTAAGGA-1	A
CACATACTAAGTGA-1	A
CACATACTTCAGTG-1	A
CACATACTTCCAGA-1	A
CACATACTTCCGAA-1	A
CACATGGACTTATC-1	A
CACATGGATTGGTG-1	A
CACCACTGACAGCT-1	A
CACCACTGGGCATT-1	A
CACCACTGTGGTGT-1	A
CACCGGGACGTACA-1	A
CACCGGGACTTGAG-1	A
CACCGTACATCGGT-1	A
CACCGTACATGCCA-1	A
CACCGTACTGCCCT-1	A
CACCGTACTTCTCA-1	A
CACCGTTGATGTGC-1	A
CACCGTTGCTGCTC-1	A
CACCGTTGGGTTCA-1	A
CACCGTTGGTCTGA-1	A
CACCGTTGTCGTTT-1	A
CACGAAACACCTGA-1	A
CACGAAACCACACA-1	A
CACGAAACTGCTCC-1	A
CACGACCTACACTG-1	A
CACGACCTGACGTT-1	A
CACGATGAGCTGTA-1	A
CACGATGATGTTCT-1	A
CACGCTACACAGCT-1	A
CACGCTACGCATCA-1	A
CACGCTACTCACCC-1	A
CACGGGACCTAAGC-1	A
CACGGGACTCAGGT-1	A
CACGGGTGCATTCT-1	A
CACTAACTGTCTGA-1	A
CACTAGGAAACGGG-1	A
CACTAGGACATCAG-1	A
CACTAGGATAAGCC-1	A
CACTAGGATGAGCT-1	A
CACTATACACACAC-1	A
CACTATACGGTCTA-1	A
CACTCCGAGGTCTA-1	A
CACTCCGAGTCACA-1	A
CACTGAGAAAGGCG-1	A
CACTGAGACAGCTA-1	A
CACTGAGACTCTTA-1	A
CACTGCACACCCAA-1	A
CACTGCACCGGAGA-1	A
CACTGCACGAGACG-1	A
CACTGCACTTCTCA-1	A
CACTTAACGGAAGC-1	A
CACTTAACTGACCA-1	A
CACTTATGTTGTGG-1	A
CACTTTGACCTGTC-1	A
CACTTTGATGACCA-1	A
CAGAAGCTACACGT-1	A
CAGACATGTAGCCA-1	A
CAGACCCTGTATCG-1	A
CAGACTGAATAAGG-1	A
CAGACTGACGACTA-1	A
CAGACTGATTGTGG-1	A
CAGAGGGATACTCT-1	A
CAGAGGGATACTGG-1	A
CAGATCGAACGACT-1	A
CAGATCGATTGCTT-1	A
CAGATGACGAACTC-1	A
CAGATGACGATAGA-1	A
CAGCAATGACTTTC-1	A
CAGCAATGGGTATC-1	A
CAGCACCTTGACCA-1	A
CAGCATGAACCGAT-1	A
CAGCATGAGCAGAG-1	A
CAGCATGATCAGTG-1	A
CAGCCTACCATTTC-1	A
CAGCGGACACCAAC-1	A
CAGCGGACGCTTAG-1	A
CAGCGGACGGCATT-1	A
CAGCGTCTAACCTG-1	A
CAGCGTCTAGACTC-1	A
CAGCGTCTCTTCCG-1	A
CAGCGTCTGCGGAA-1	A
CAGCGTCTTGAGGG-1	A
CAGCGTCTTGCAGT-1	A
CAGCTAGAACCCTC-1	A
CAGCTAGAGAGGGT-1	A
CAGCTAGATATCGG-1	A
CAGCTCACCGAGTT-1	A
CAGCTCTGAGGAGC-1	A
CAGGAACTTTCGTT-1	A
CAGGCCGAGCCCTT-1	A
CAGGCCGATCAGAC-1	A
CAGGGCACCATACG-1	A
CAGGGCACGGACGA-1	A
CAGGGCACGGGCAA-1	A
CAGGGCACGGTAGG-1	A
CAGGGCACTGACTG-1	A
CAGGTAACTGATGC-1	A
CAGGTATGGTTTGG-1	A
CAGGTTGAAGAGGC-1	A
CAGTGATGACCCTC-1	A
CAGTGATGACCTTT-1	A
CAGTGATGATCGGT-1	A
CAGTGATGCCTTAT-1	A
CAGTTACTGGTATC-1	A
CAGTTGGAATGTCG-1	A
CAGTTGGACCAGTA-1	A
CAGTTGGAGGAAAT-1	A
CAGTTTACGAAGGC-1	A
CATACTACCGACAT-1	A
CATACTACTGCTGA-1	A
CATACTACTGGTAC-1	A
CATACTTGACAGCT-1	A
CATACTTGATTCTC-1	A
CATACTTGCTCCAC-1	A
CATACTTGTGGGAG-1	A
CATAGTCTCCCTAC-1	A
CATATAGAGGTGGA-1	A
CATCAACTATAAGG-1	A
CATCAACTCCGATA-1	A
CATCAACTGAGATA-1	A
CATCAACTGTGTTG-1	A
CATCAGGACTCTCG-1	A
CATCAGGAGGTCTA-1	A
CATCATACCTCCAC-1	A
CATCCCGAAGTCTG-1	A
CATCCCGACATGCA-1	A
CATCCCGACATTTC-1	A
CATCCCGAGCGAAG-1	A
CATCGCTGCAGCTA-1	A
CATCGGCTGATAAG-1	A
CATCGGCTGGTCTA-1	A
CATCTCCTAACGAA-1	A
CATCTCCTCATACG-1	A
CATCTCCTCCCTAC-1	A
CATCTCCTCGGTAT-1	A
CATCTCCTCTACTT-1	A
CATCTTGAAGAACA-1	A
CATCTTGACTCATT-1	A
CATCTTGAGGTACT-1	A
CATGAGACACGGTT-1	A
CATGAGACGGATTC-1	A
CATGAGACTTCTGT-1	A
CATGCCACCATCAG-1	A
CATGCCACGGACAG-1	A
CATGGCCTATCGAC-1	A
CATGTTACGGAACG-1	A
CATGTTTGACCTGA-1	A
CATGTTTGCAGAGG-1	A
CATTACACGCTTAG-1	A
CATTACACTTGTCT-1	A
CATTAGCTCCATAG-1	A
CATTAGCTCCCTTG-1	A
CATTAGCTCCTAAG-1	A
CATTAGCTTGGGAG-1	A
CATTCCCTCTGTAG-1	A
CATTCCCTCTTATC-1	A
CATTCCCTGGAGCA-1	A
CATTCCCTTCAGTG-1	A
CATTCCCTTCTACT-1	A
CATTGACTCGAGAG-1	A
CATTGACTTTGCGA-1	A
CATTGGGATTGAGC-1	A
CATTGGGATTGCGA-1	A
CATTTCGACCTACC-1	A
CATTTCGATCCTGC-1	A
CATTTCGATGAACC-1	A
CATTTGACAGAGGC-1	A
CATTTGACGTTAGC-1	A
CATTTGACTATCTC-1	A
CATTTGTGACTGTG-1	A
CATTTGTGCATGGT-1	A
CCAAAGTGCTGTAG-1	A
CCAAAGTGGGCATT-1	A
CCAACCTGCGCATA-1	A
CCAACCTGTAGTCG-1	A
CCAAGATGTGACTG-1	A
CCAAGTGAAGCGGA-1	A
CCAAGTGACACCAA-1	A
CCAAGTGACGAGTT-1	A
CCAAGTGATGCCAA-1	A
CCAAGTGATTCTTG-1	A
CCAATGGAACTCAG-1	A
CCAATGGAGCTATG-1	A
CCAATTTGAGCAAA-1	A
CCAATTTGCGTCTC-1	A
CCAATTTGGTTCAG-1	A
CCAATTTGTACGAC-1	A
CCACGGGAAAAGCA-1	A
CCACGGGAACACGT-1	A
CCACGGGAAGGAGC-1	A
CCACTGACGCATAC-1	A
CCACTGTGCTCTCG-1	A
CCAGAAACATCGAC-1	A
CCAGAAACTTGTGG-1	A
CCAGACCTCTTGAG-1	A
CCAGATGAAAGGTA-1	A
CCAGATGACTGCTC-1	A
CCAGCACTGCGTTA-1	A
CCAGCGGAGCGATT-1	A
CCAGCGGATCCGAA-1	A
CCAGCTACCCAACA-1	A
CCAGCTACGAAAGT-1	A
CCAGGTCTCCACCT-1	A
CCAGGTCTTCTTAC-1	A
CCAGTCACCCTCCA-1	A
CCAGTCACCCTTCG-1	A
CCAGTCACGCGAAG-1	A
CCAGTCACGTTACG-1	A
CCAGTCTGGTCTTT-1	A
CCAGTGCTCACAAC-1	A
CCAGTGCTTCAGGT-1	A
CCAGTGCTTCTAGG-1	A
CCAGTGCTTTGGCA-1	A
CCATAGGAAAGATG-1	A
CCATAGGACGCATA-1	A
CCATAGGACTCAGA-1	A
CCATAGGAGGAACG-1	A
CCATAGGAGTTCGA-1	A
CCATATACAGCCAT-1	A
CCATATACGTCAAC-1	A
CCATATACTCAAGC-1	A
CCATCCGAGTAGGG-1	A
CCATCCGATCGCTC-1	A
CCATCGTGCTACTT-1	A
CCATCGTGGAATAG-1	A
CCATGCTGCTAAGC-1	A
CCATGCTGTTCATC-1	A
CCATTAACACTGTG-1	A
CCCAAAGACTGGTA-1	A
CCCAAAGAGGTCAT-1	A
CCCAAAGATCTCAT-1	A
CCCAACACCCTCAC-1	A
CCCAACACTATGCG-1	A
CCCAACTGCCTACC-1	A
CCCAACTGCTAGAC-1	A
CCCAACTGGGAAGC-1	A
CCCAACTGTGTCCC-1	A
CCCACATGTGTCGA-1	A
CCCAGACTACGGAG-1	A
CCCAGACTCCTTTA-1	A
CCCAGACTGTCCTC-1	A
CCCAGTTGCTCTTA-1	A
CCCATCGAAAAACG-1	A
CCCATCGACGGTAT-1	A
CCCATCGAGGTTAC-1	A
CCCATCGATCGCCT-1	A
CCCGAACTGAGCAG-1	A
CCCGAACTTTCATC-1	A
CCCGGAGAACGGAG-1	A
CCCTACGAGTGCAT-1	A
CCCTACGATTGCAG-1	A
CCCTAGTGTGGAAA-1	A
CCCTCAGAACACTG-1	A
CCCTGAACAATCGC-1	A
CCCTGAACTCTTAC-1	A
CCCTGAACTGCCTC-1	A
CCCTGATGGCTATG-1	A
CCCTGATGTCGTGA-1	A
CCCTTACTTCGTGA-1	A
CCGAAAACCAGAAA-1	A
CCGAAAACCTAGAC-1	A
CCGAAAACGGGCAA-1	A
CCGACTACGGTTCA-1	A
CCGATAGACGCAAT-1	A
CCGCGAGAACCATG-1	A
CCGCGAGAAGGTTC-1	A
CCGCGAGAGAACTC-1	A
CCGCTATGAAAGCA-1	A
CCGCTATGTAGAGA-1	A
CCGGAGACCTTAGG-1	A
CCGGAGACGAGGAC-1	A
CCGGAGACTTGTCT-1	A
CCGGAGTGCGACAT-1	A
CCGGAGTGCGTGAT-1	A
CCGGAGTGGTACAC-1	A
CCGGTACTTCTACT-1	A
CCGTAAGATGATGC-1	A
CCGTACACGCCATA-1	A
CCGTACACGGACTT-1	A
CCGTACACGTTGGT-1	A
CCGTACACTTTGCT-1	A
CCTAAACTCCATGA-1	A
CCTAAACTCTGTAG-1	A
CCTAAACTTTTCGT-1	A
CCTAAGGAGCCAAT-1	A
CCTACCGAACCTCC-1	A
CCTAGAGAAGTGTC-1	A
CCTAGAGACGTAGT-1	A
CCTAGAGAGCTGAT-1	A
CCTAGAGATATCGG-1	A
CCTAGAGATGCGTA-1	A
CCTATAACTAGTCG-1	A
CCTATTGATCAGAC-1	A
CCTCATCTCAAGCT-1	A
CCTCATCTCATTGG-1	A
CCTCGAACGATACC-1	A
CCTGACTGAGCAAA-1	A
CCTGACTGATAAGG-1	A
CCTGACTGCTGTCC-1	A
CCTGAGCTGAATGA-1	A
CCTGAGCTTATGGC-1	A
CCTGCAACCTCCCA-1	A
CCTGCAACCTTGGA-1	A
CCTGCAACGTGTCA-1	A
CCTGGACTAAGCCT-1	A
CCTGGACTCGTTGA-1	A
CCTGGACTCTCATT-1	A
CCTGGACTGGACAG-1	A
CCTGGACTTAGTCG-1	A
CCTTCACTATACCG-1	A
CCTTCACTCAAAGA-1	A
CCTTCACTTCGACA-1	A
CCTTTAGACACACA-1	A
CCTTTAGACACTGA-1	A
CGAACATGACGGGA-1	A
CGAAGACTCCGTAA-1	A
CGAAGACTGGACTT-1	A
CGAAGACTTGCACA-1	A
CGAAGGGATATCGG-1	A
CGAAGGGATATGGC-1	A
CGAATCGACCAGTA-1	A
CGAATCGACTGAAC-1	A
CGAATCGATAGCGT-1	A
CGACAAACCCCGTT-1	A
CGACAAACCTACGA-1	A
CGACAAACCTGCAA-1	A
CGACCACTCCTGTC-1	A
CGACCACTTCTACT-1	A
CGACCACTTGTGGT-1	A
CGACCGGAATACCG-1	A
CGACCTTGAGTCGT-1	A
CGACCTTGATCAGC-1	A
CGACCTTGCTTCTA-1	A
CGACGTCTAGGTTC-1	A
CGACGTCTCCTCCA-1	A
CGACTCACCCCTTG-1	A
CGACTCACGAATAG-1	A
CGACTCACGCTGAT-1	A
CGACTCTGAGTGCT-1	A
CGACTCTGTTCTCA-1	A
CGACTGCTTCCTAT-1	A
CGACTGCTTTTCAC-1	A
CGAGAACTGACGGA-1	A
CGAGAACTTTCCAT-1	A
CGAGCCGAGTCCTC-1	A
CGAGCGTGGAAACA-1	A
CGAGGAGAATGCTG-1	A
CGAGGAGATACTGG-1	A
CGAGGAGATCTGGA-1	A
CGAGGCACACACTG-1	A
CGAGGCACCCCACT-1	A
CGAGGCACGAATCC-1	A
CGAGGCTGCCTATT-1	A
CGAGGCTGGAAAGT-1	A
CGAGGCTGGGAGCA-1	A
CGAGGGCTGGACTT-1	A
CGAGGGCTTCGCAA-1	A
CGAGTATGAAGGGC-1	A
CGAGTATGGCTAAC-1	A
CGAGTATGGTAGGG-1	A
CGATACGAACAGCT-1	A
CGATACGAAGAATG-1	A
CGATACGAGTTGAC-1	A
CGATAGACCAGGAG-1	A
CGATAGACGTTGGT-1	A
CGATCAGACCTAAG-1	A
CGATCAGATCGCTC-1	A
CGATCCACCAGGAG-1	A
CGCAAATGAGGAGC-1	A
CGCAAATGCTGACA-1	A
CGCAAATGTTTGTC-1	A
CGCACGGATGAGAA-1	A
CGCAGGACGACGAG-1	A
CGCAGGACGCGTAT-1	A
CGCAGGTGGGTTAC-1	A
CGCAGGTGGTGCTA-1	A
CGCAGGTGTACAGC-1	A
CGCATAGAACCACA-1	A
CGCATAGACTGATG-1	A
CGCATAGATAGACC-1	A
CGCCATACAGTCAC-1	A
CGCCATACATCAGC-1	A
CGCCATACGAAAGT-1	A
CGCCATACTGGTAC-1	A
CGCCATACTTCGTT-1	A
CGCCGAGACTCGCT-1	A
CGCCTAACTCCGAA-1	A
CGCCTAACTCTCAT-1	A
CGCGAGACATCTCT-1	A
CGCGAGACATCTTC-1	A
CGCGAGACATTTCC-1	A
CGCGAGACTCAAGC-1	A
CGCGAGACTCTCGC-1	A
CGCGATCTTGTCGA-1	A
CGCGATCTTTGCAG-1	A
CGCTAAGAATGCTG-1	A
CGCTAAGACTAGCA-1	A
CGCTAAGAGCGGAA-1	A
CGCTACACCGGGAA-1	A
CGCTACTGCTGTTT-1	A
CGCTACTGTCTATC-1	A
CGCTCATGACCCTC-1	A
CGGAATTGGAATGA-1	A
CGGACTCTGTGCTA-1	A
CGGAGGCTAGTGTC-1	A
CGGAGGCTCTGACA-1	A
CGGAGGCTGTGTCA-1	A
CGGAGGCTTTTGTC-1	A
CGGATAACCTCTAT-1	A
CGGATATGACGTTG-1	A
CGGATATGATGACC-1	A
CGGCACGATGCAAC-1	A
CGGCCAGACTCAGA-1	A
CGGCGAACCTCAGA-1	A
CGGCGAACTATCGG-1	A
CGGCGATGCTAGCA-1	A
CGGCGATGCTTACT-1	A
CGGGACTGCTGCTC-1	A
CGGGCATGTGGGAG-1	A
CGGTAAACCTAAGC-1	A
CGGTACCTACACGT-1	A
CGGTACCTACGCTA-1	A
CGGTACCTGTCATG-1	A
CGGTCACTATGGTC-1	A
CGGTCACTTTGACG-1	A
CGTAACGAATGACC-1	A
CGTAACGACGACTA-1	A
CGTACAGATCGTTT-1	A
CGTACCACAAACGA-1	A
CGTACCACAGCCTA-1	A
CGTACCACTCGTAG-1	A
CGTACCTGAAGATG-1	A
CGTACCTGCATCAG-1	A
CGTACCTGCTTCCG-1	A
CGTAGCCTCTCCCA-1	A
CGTAGCCTTCTCAT-1	A
CGTAGCCTTGAACC-1	A
CGTCAAGAGGTCTA-1	A
CGTCAAGAGTGTTG-1	A
CGTCAAGATTCTAC-1	A
CGTCCAACAAGGGC-1	A
CGTCCAACCGAGAG-1	A
CGTCCAACCTCAAG-1	A
CGTCCAACGGATTC-1	A
CGTCCAACGTGTTG-1	A
CGTCCATGAACTGC-1	A
CGTCCATGTCCTAT-1	A
CGTCCATGTCTTTG-1	A
CGTCGACTACACCA-1	A
CGTCGACTATAAGG-1	A
CGTCGACTCAACTG-1	A
CGTCGACTTATCTC-1	A
CGTGAAACCATTCT-1	A
CGTGAAACGTCGAT-1	A
CGTGAATGTGTGGT-1	A
CGTGCACTCTGTCC-1	A
CGTGTAGAAGTGTC-1	A
CGTGTAGACGAGTT-1	A
CGTGTAGACTACGA-1	A
CGTTAACTAGCATC-1	A
CGTTAACTTTGTGG-1	A
CGTTAGGAGGTATC-1	A
CGTTAGGAGTTTGG-1	A
CGTTATACCCCTCA-1	A
CGTTATACGACAAA-1	A
CGTTATACTCACGA-1	A
CGTTTAACGAGGTG-1	A
CTAAACCTTTCGGA-1	A
CTAAACCTTTGTCT-1	A
CTAAACCTTTGTGG-1	A
CTAACACTTCTATC-1	A
CTAACGGAAGTCGT-1	A
CTAACTACCCAACA-1	A
CTAAGGACAGCCTA-1	A
CTAAGGACCATGCA-1	A
CTAAGGACCATGGT-1	A
CTAAGGACCTCATT-1	A
CTAAGGTGTTCTGT-1	A
CTAATAGACTCAGA-1	A
CTAATGCTACGGGA-1	A
CTAATGCTCAAGCT-1	A
CTACAACTGTATGC-1	A
CTACCTCTCCAGTA-1	A
CTACCTCTCCTGAA-1	A
CTACCTCTTTTCGT-1	A
CTACGCACCTGCTC-1	A
CTACGCACTCTCGC-1	A
CTACGGCTTCCTTA-1	A
CTACTATGAGCCTA-1	A
CTACTATGGTGCAT-1	A
CTAGAGACCTACTT-1	A
CTAGATCTGTCTGA-1	A
CTAGATCTTTGGCA-1	A
CTAGGATGCCTTAT-1	A
CTAGGATGTATCTC-1	A
CTAGGCCTATTCTC-1	A
CTAGGTGACAGAAA-1	A
CTAGGTGAGGTAGG-1	A
CTAGTTACAGATGA-1	A
CTAGTTACTGACAC-1	A
CTAGTTACTGACCA-1	A
CTAGTTTGCTCGCT-1	A
CTATAAGATGGTCA-1	A
CTATACTGTAGCGT-1	A
CTATAGCTAGGCGA-1	A
CTATAGCTGAACTC-1	A
CTATAGCTTGAGCT-1	A
CTATCAACAATCGC-1	A
CTATCAACCAGCTA-1	A
CTATCAACTAGAGA-1	A
CTATCAACTCGATG-1	A
CTATCATGCTGATG-1	A
CTATCATGGCTATG-1	A
CTATCCCTGCAGAG-1	A
CTATCCCTGGTACT-1	A
CTATCCCTTGAGAA-1	A
CTATCCCTTGTGCA-1	A
CTATGACTGCGTTA-1	A
CTATGACTGTCTTT-1	A
CTATGACTTGCGTA-1	A
CTATGTTGATTGGC-1	A
CTATGTTGCCTGAA-1	A
CTATGTTGCTGGAT-1	A
CTATGTTGGCAGTT-1	A
CTATTGACGACAAA-1	A
CTATTGTGGGAACG-1	A
CTCAATTGCGCAAT-1	A
CTCAATTGCTCGAA-1	A
CTCAGAGACGAGAG-1	A
CTCAGAGATGCCCT-1	A
CTCAGCACAACGGG-1	A
CTCAGCACCATGGT-1	A
CTCAGCACCTACTT-1	A
CTCAGCTGTGCTGA-1	A
CTCAGGCTCTCATT-1	A
CTCAGGCTCTCTAT-1	A
CTCATTGAAGCTAC-1	A
CTCATTGACTGTTT-1	A
CTCATTGAGAGACG-1	A
CTCCACGAATTTCC-1	A
CTCCACGATGGAAA-1	A
CTCCATCTATTCTC-1	A
CTCCGAACACCCTC-1	A
CTCCGAACGGTACT-1	A
CTCGAAGAATGACC-1	A
CTCGAAGAGGTCAT-1	A
CTCGACACACACCA-1	A
CTCGACACACAGTC-1	A
CTCGACACACCAGT-1	A
CTCGACACGTTAGC-1	A
CTCGACACTGTGAC-1	A
CTCGACTGAACCTG-1	A
CTCGACTGACCGAT-1	A
CTCGACTGCTGTAG-1	A
CTCGACTGTATCTC-1	A
CTCGAGCTGGTGGA-1	A
CTCTAATGCCACAA-1	A
CTCTAATGCGACAT-1	A
CTCTAATGGACGAG-1	A
CTGAACGACCTGAA-1	A
CTGAACGACGTGTA-1	A
CTGAAGACAGGCGA-1	A
CTGAAGACCTACCC-1	A
CTGAAGACTCATTC-1	A
CTGAAGTGCCTTTA-1	A
CTGAATCTAGCTAC-1	A
CTGAATCTGGTTCA-1	A
CTGACAGACCGCTT-1	A
CTGACAGACGTTGA-1	A
CTGACAGAGAATAG-1	A
CTGACAGATAAAGG-1	A
CTGAGAACAACGTC-1	A
CTGAGAACAGTACC-1	A
CTGAGCCTCAGATC-1	A
CTGAGCCTGTAGGG-1	A
CTGATACTACGTAC-1	A
CTGATACTGAGACG-1	A
CTGATACTGCGAAG-1	A
CTGATGGATCGCAA-1	A
CTGATTTGACGCAT-1	A
CTGATTTGATGTCG-1	A
CTGATTTGCGTAAC-1	A
CTGATTTGTTAGGC-1	A
CTGCAGCTCCCACT-1	A
CTGCAGCTGCAGAG-1	A
CTGCCAACATCGTG-1	A
CTGCCAACCTCGCT-1	A
CTGCCAACTGGTGT-1	A
CTGCGACTCCATGA-1	A
CTGGAAACGACAGG-1	A
CTGGAAACTGCATG-1	A
CTGGATGACGGGAA-1	A
CTGGATGAGACGAG-1	A
CTGGATGATATTCC-1	A
CTGGCACTAATCGC-1	A
CTGGCACTTCTTAC-1	A
CTGTAACTAATCGC-1	A
CTGTAACTGTCACA-1	A
CTGTAACTTAGACC-1	A
CTGTATACTACTCT-1	A
CTGTATACTGGGAG-1	A
CTGTGAGAAAGAGT-1	A
CTGTGAGAGAGCTT-1	A
CTTAAGCTCGTTAG-1	A
CTTACAACCTGTCC-1	A
CTTACATGAAGGGC-1	A
CTTACATGCCCTCA-1	A
CTTACATGGTAAAG-1	A
CTTACATGTCGCCT-1	A
CTTACTGAACTTTC-1	A
CTTACTGACCATAG-1	A
CTTAGACTAGATGA-1	A
CTTAGGGACTGTCC-1	A
CTTATCGAATCGGT-1	A
CTTCATGAAACAGA-1	A
CTTCATGACAGAGG-1	A
CTTCATGACCACAA-1	A
CTTCATGACGACAT-1	A
CTTCATGACGACTA-1	A
CTTCATGAGGTAGG-1	A
CTTCATGATGCTTT-1	A
CTTCATGATTCCGC-1	A
CTTCTAGAACCAAC-1	A
CTTGAGGATTCAGG-1	A
CTTGATTGACCCTC-1	A
CTTGATTGGGAGCA-1	A
CTTGTATGCACACA-1	A
CTTGTATGCCGTAA-1	A
CTTGTATGGGTGTT-1	A
CTTGTATGTGCAAC-1	A
CTTTACGAAACCAC-1	A
CTTTACGAACCTCC-1	A
CTTTACGACCCACT-1	A
CTTTACGATCCTCG-1	A
CTTTAGACAACAGA-1	A
CTTTAGACCCGATA-1	A
CTTTAGACGGACAG-1	A
CTTTAGTGACAGCT-1	A
CTTTAGTGGGGCAA-1	A
CTTTCAGAAGAGGC-1	A
CTTTCAGAAGCGTT-1	A
CTTTCAGATCTTTG-1	A
CTTTGATGAGTCTG-1	A
CTTTGATGCTTACT-1	A
GAAACAGAATGACC-1	A
GAAACAGACAATCG-1	A
GAAACCTGAGCTCA-1	A
GAAACCTGGGTACT-1	A
GAAACCTGGTGAGG-1	A
GAAACCTGGTGTAC-1	A
GAAAGATGCGACTA-1	A
GAAAGATGTCTACT-1	A
GAAAGCCTACCTCC-1	A
GAAAGTGACCTCCA-1	A
GAAAGTGATGGTCA-1	A
GAAATACTTCTAGG-1	A
GAACACACAATCGC-1	A
GAACACACATGCCA-1	A
GAACACACCCCTCA-1	A
GAACACACGCTATG-1	A
GAACAGCTACTAGC-1	A
GAACCAACAAGTGA-1	A
GAACCAACACCACA-1	A
GAACCTGATCATTC-1	A
GAACGGGAAAAGTG-1	A
GAACGGGACCTGTC-1	A
GAACGGGACTTGCC-1	A
GAACGGGAGAACTC-1	A
GAACGTTGGATAAG-1	A
GAACGTTGGGTTCA-1	A
GAACGTTGTGAAGA-1	A
GAAGAATGGGTCTA-1	A
GAAGATGATCAGTG-1	A
GAAGCGGACTAGCA-1	A
GAAGCGGACTTGTT-1	A
GAAGCGGAGCCTTC-1	A
GAAGCTACCAAGCT-1	A
GAAGCTTGAGCCAT-1	A
GAAGCTTGCTCGAA-1	A
GAAGCTTGTGATGC-1	A
GAAGGGTGAGTCAC-1	A
GAAGGGTGGGATCT-1	A
GAAGGTCTCTCAAG-1	A
GAAGGTCTCTCTCG-1	A
GAAGGTCTGAAAGT-1	A
GAAGGTCTTAAGCC-1	A
GAAGGTCTTGCAGT-1	A
GAAGTAGAAAGTGA-1	A
GAAGTAGATGTTTC-1	A
GAAGTCACCCAAGT-1	A
GAAGTCACCTGCTC-1	A
GAAGTCTGATGTGC-1	A
GAAGTGCTAGTTCG-1	A
GAAGTGCTGGGCAA-1	A
GAATGCACAAGCCT-1	A
GAATGCACATCTTC-1	A
GAATGCACCCGCTT-1	A
GAATGCACGAGAGC-1	A
GAATGGCTTCGTAG-1	A
GAATTAACACGCAT-1	A
GAATTAACGATAGA-1	A
GACAACACGATAAG-1	A
GACAACACGTACCA-1	A
GACAACACTTGCGA-1	A
GACACTGAAAGCCT-1	A
GACACTGAGTACCA-1	A
GACAGGGACTGAGT-1	A
GACAGGGATGAGAA-1	A
GACAGTACGGAGTG-1	A
GACAGTTGAGATGA-1	A
GACATTCTAAACAG-1	A
GACATTCTACGGGA-1	A
GACATTCTATCAGC-1	A
GACATTCTCATGAC-1	A
GACATTCTCCACAA-1	A
GACATTCTTATCGG-1	A
GACCAAACCTGACA-1	A
GACCAAACGGGATG-1	A
GACCAAACTATCTC-1	A
GACCATGATTCATC-1	A
GACCTAGACTACGA-1	A
GACCTAGAGCTAAC-1	A
GACCTCACTATGCG-1	A
GACCTCACTCCAAG-1	A
GACCTCTGCGCATA-1	A
GACCTCTGTCCTTA-1	A
GACCTCTGTTTGTC-1	A
GACGAACTGGAAAT-1	A
GACGAACTTGGAGG-1	A
GACGAGGAATTCGG-1	A
GACGAGGAGAATAG-1	A
GACGAGGAGCAAGG-1	A
GACGAGGAGCTGAT-1	A
GACGAGGATGCATG-1	A
GACGAGGATTAGGC-1	A
GACGAGGATTGAGC-1	A
GACGAGGATTTGTC-1	A
GACGATTGGCAGAG-1	A
GACGATTGGCCCTT-1	A
GACGATTGGTTGTG-1	A
GACGATTGTTCACT-1	A
GACGCCGAAAGCAA-1	A
GACGCCGATTACCT-1	A
GACGCTCTAGCACT-1	A
GACGCTCTCTGACA-1	A
GACGGCACCATCAG-1	A
GACGGCACGCTACA-1	A
GACGTAACACGTGT-1	A
GACGTAACTCTTAC-1	A
GACGTATGAATCGC-1	A
GACGTATGAGGTTC-1	A
GACGTATGCTCTAT-1	A
GACGTATGGACAGG-1	A
GACGTCCTCGGTAT-1	A
GACGTCCTTTCATC-1	A
GACTACGATTCACT-1	A
GACTCCTGTCGATG-1	A
GACTGAACACCCTC-1	A
GACTGTGAACTGGT-1	A
GACTTTACCATACG-1	A
GACTTTACTAAGCC-1	A
GAGAAATGTCAGTG-1	A
GAGATAGAAGTAGA-1	A
GAGATAGACTCGAA-1	A
GAGATAGAGCGAAG-1	A
GAGATAGATACGCA-1	A
GAGATCACCATGGT-1	A
GAGATCACGAGCAG-1	A
GAGATCACGGAAAT-1	A
GAGATGCTCAGTCA-1	A
GAGATGCTCGAACT-1	A
GAGCAACTTATTCC-1	A
GAGCAGGAAGCTCA-1	A
GAGCAGGAAGGCGA-1	A
GAGCATACATCTTC-1	A
GAGCATACGAGGTG-1	A
GAGCATACGGACGA-1	A
GAGCGAGATACGAC-1	A
GAGCGCACCTACCC-1	A
GAGCGCTGCTTGCC-1	A
GAGCGCTGGGACTT-1	A
GAGCGCTGTGGTTG-1	A
GAGCGCTGTTCGCC-1	A
GAGCGGCTCCTACC-1	A
GAGCGGCTCTTATC-1	A
GAGCTCCTCTCCCA-1	A
GAGGACGAACCCAA-1	A
GAGGATCTAGCTAC-1	A
GAGGATCTGAGGCA-1	A
GAGGATCTGGAGCA-1	A
GAGGATCTGTAAAG-1	A
GAGGCCACGCCCTT-1	A
GAGGCCACGGGTGA-1	A
GAGGGAACACTGGT-1	A
GAGGGAACAGTCTG-1	A
GAGGGAACCCCGTT-1	A
GAGGGATGAAGTGA-1	A
GAGGGCCTCTCTTA-1	A
GAGGGCCTGACAGG-1	A
GAGGGTGAAAGAAC-1	A
GAGGGTGAACTCTT-1	A
GAGGGTGAAGAGAT-1	A
GAGGGTGAGATGAA-1	A
GAGGTACTAACCTG-1	A
GAGGTGGACGTCTC-1	A
GAGGTTACTTCTTG-1	A
GAGGTTTGATGCTG-1	A
GAGTAAGAACTACG-1	A
GAGTAAGATGCACA-1	A
GAGTACACAGCAAA-1	A
GAGTACACATGGTC-1	A
GAGTACACCGGGAA-1	A
GAGTACACTAGCCA-1	A
GAGTACTGTGGTTG-1	A
GAGTCAACAAAAGC-1	A
GAGTCAACGCTACA-1	A
GAGTGACTGGCATT-1	A
GAGTGACTTAAGGA-1	A
GAGTGGGACTTGAG-1	A
GAGTGGGATCTTAC-1	A
GAGTGTTGACTAGC-1	A
GAGTGTTGAGCTCA-1	A
GAGTGTTGGGTCAT-1	A
GAGTTGTGAAGGCG-1	A
GATAAGGAACACAC-1	A
GATAAGGATGACTG-1	A
GATACTCTAACAGA-1	A
GATACTCTAGAACA-1	A
GATACTCTCAGAGG-1	A
GATACTCTCTAAGC-1	A
GATAGAGAACGTGT-1	A
GATAGAGATTGGCA-1	A
GATAGCACAACCAC-1	A
GATAGCACACTAGC-1	A
GATAGCACAGACTC-1	A
GATAGCACCATGAC-1	A
GATAGCACGTTGCA-1	A
GATATAACAATCGC-1	A
GATATAACTTATCC-1	A
GATATATGACGGAG-1	A
GATATCCTGTGAGG-1	A
GATATCCTTTTGGG-1	A
GATATTGAGCTATG-1	A
GATATTGATTGCTT-1	A
GATCATCTCGTACA-1	A
GATCATCTGAGCTT-1	A
GATCCGCTACGCTA-1	A
GATCCGCTTACTGG-1	A
GATCCGCTTAGCGT-1	A
GATCGAACATCGAC-1	A
GATCGAACCCTTAT-1	A
GATCGAACGAGAGC-1	A
GATCGAACTAGCGT-1	A
GATCGAACTGTGGT-1	A
GATCGATGCGATAC-1	A
GATCGATGGTGTAC-1	A
GATCGTGAAATCGC-1	A
GATCGTGATACTGG-1	A
GATCGTGATGCACA-1	A
GATCTACTATTCGG-1	A
GATCTACTGACAAA-1	A
GATCTACTTTACCT-1	A
GATCTTTGACGTAC-1	A
GATCTTTGCTCTAT-1	A
GATGACACTGGTTG-1	A
GATGCCCTGGACTT-1	A
GATGCCCTTGTAGC-1	A
GATTCGGAAATGCC-1	A
GATTCGGAACTTTC-1	A
GATTCGGAGACACT-1	A
GATTCTACGCGAAG-1	A
GATTCTTGAACGAA-1	A
GATTCTTGAGCGGA-1	A
GATTCTTGGGTATC-1	A
GATTGGACGAAGGC-1	A
GATTGGTGATCTTC-1	A
GATTTGCTGTTAGC-1	A
GCAAACTGCTAAGC-1	A
GCAACCCTATGCTG-1	A
GCAACCCTCAAAGA-1	A
GCAACTGACACACA-1	A
GCAACTGACAGAGG-1	A
GCAACTGACCAAGT-1	A
GCAACTGATCCTGC-1	A
GCAATCGAAGAGGC-1	A
GCAATCGAGAGATA-1	A
GCAATCGAGGCGAA-1	A
GCAATTCTACGCAT-1	A
GCAATTCTCTACTT-1	A
GCAATTCTTCCAGA-1	A
GCACAAACAGCTCA-1	A
GCACAAACGTTTCT-1	A
GCACACCTGAAGGC-1	A
GCACACCTGAGGAC-1	A
GCACACCTTTGCAG-1	A
GCACCACTGGTGTT-1	A
GCACCACTTGAAGA-1	A
GCACCACTTGGAAA-1	A
GCACCACTTTGCGA-1	A
GCACCTACAAGTGA-1	A
GCACCTACTTGGTG-1	A
GCACCTTGACTTTC-1	A
GCACCTTGGCCCTT-1	A
GCACGGTGGTTACG-1	A
GCACGTCTAACGAA-1	A
GCACGTCTTGCCAA-1	A
GCACGTCTTTGCAG-1	A
GCACTAGAAGGCGA-1	A
GCACTAGAGCGATT-1	A
GCACTGCTAGTCAC-1	A
GCAGATACAGCAAA-1	A
GCAGATACGAGGGT-1	A
GCAGCCGACTATGG-1	A
GCAGCCGATGAGCT-1	A
GCAGCCGATTCCGC-1	A
GCAGCTCTAAGGTA-1	A
GCAGCTCTGGATCT-1	A
GCAGCTCTTGGTTG-1	A
GCAGGCACCAAAGA-1	A
GCAGGCACCCAGTA-1	A
GCAGGCACCTGGAT-1	A
GCAGGGCTTGCATG-1	A
GCAGTCCTGCGATT-1	A
GCAGTCCTGTAAGA-1	A
GCAGTCCTTTAGGC-1	A
GCAGTTGAAAAACG-1	A
GCAGTTGACATTCT-1	A
GCATCAGAAAGAAC-1	A
GCATCAGACAACTG-1	A
GCATCAGATTGTCT-1	A
GCATGATGTTCTGT-1	A
GCATGTGAGTGCTA-1	A
GCATTGGAAAAGCA-1	A
GCATTGGAGAAACA-1	A
GCATTGGATCTATC-1	A
GCCAAAACAGAGTA-1	A
GCCAAAACGTCCTC-1	A
GCCAAAACTGTCGA-1	A
GCCAAATGAATCGC-1	A
GCCAAATGGCATCA-1	A
GCCAACCTAACAGA-1	A
GCCAACCTACCATG-1	A
GCCAACCTAGTCAC-1	A
GCCAACCTATCGAC-1	A
GCCAACCTCACTAG-1	A
GCCACGGATTGTGG-1	A
GCCACTACTATTCC-1	A
GCCACTACTCAGTG-1	A
GCCATCACATCTTC-1	A
GCCATGCTATGCCA-1	A
GCCATGCTCGGTAT-1	A
GCCATGCTCTACTT-1	A
GCCATGCTGAATCC-1	A
GCCATGCTGTTGAC-1	A
GCCCAACTACTGTG-1	A
GCCCATACGCAGAG-1	A
GCCCATACGCGGAA-1	A
GCCCATACTAGACC-1	A
GCCGACGAATCGAC-1	A
GCCGACGACAGCTA-1	A
GCCGACGAGCGAGA-1	A
GCCGAGTGAAAGTG-1	A
GCCGGAACCATTGG-1	A
GCCGGAACGACACT-1	A
GCCGTACTAACGTC-1	A
GCCGTACTCCCACT-1	A
GCCGTACTCGTGTA-1	A
GCCGTACTTGTCAG-1	A
GCCTACACCAGCTA-1	A
GCCTACACTTGAGC-1	A
GCCTCAACACCATG-1	A
GCCTCAACTACTGG-1	A
GCCTCATGCTACGA-1	A
GCCTCATGGTCACA-1	A
GCCTGACTTCGACA-1	A
GCGAAGGACTTTAC-1	A
GCGAAGGATATGGC-1	A
GCGACTCTCGAGAG-1	A
GCGACTCTGAGGGT-1	A
GCGAGAGAGACTAC-1	A
GCGAGAGATCTCGC-1	A
GCGAGCACCCCAAA-1	A
GCGAGCACGACACT-1	A
GCGAGCACTTCCAT-1	A
GCGATATGACGGAG-1	A
GCGATATGGTCGAT-1	A
GCGATATGGTTGCA-1	A
GCGCACGACCGATA-1	A
GCGCACGATCACCC-1	A
GCGCATCTCAGTCA-1	A
GCGCGAACCATGCA-1	A
GCGCGAACGTTCGA-1	A
GCGCGAACTCGATG-1	A
GCGCGAACTGTGGT-1	A
GCGCGATGCTTGGA-1	A
GCGGACTGAGGGTG-1	A
GCGGACTGCGTCTC-1	A
GCGGAGCTCGGGAA-1	A
GCGGAGCTGGGCAA-1	A
GCGGAGCTTGGAGG-1	A
GCGGCAACCAGAAA-1	A
GCGGCAACGACACT-1	A
GCGGGACTTGTCAG-1	A
GCGTAAACGCTGAT-1	A
GCGTAATGAGGGTG-1	A
GCGTAATGATGTGC-1	A
GCGTAATGCCCACT-1	A
GCTACAGACGACAT-1	A
GCTACAGATGCATG-1	A
GCTACCTGACGTGT-1	A
GCTACCTGCATGCA-1	A
GCTACCTGCCATGA-1	A
GCTACCTGTGAGAA-1	A
GCTACGCTCATACG-1	A
GCTAGAACACGCAT-1	A
GCTAGAACCAGAGG-1	A
GCTAGAACTCTCGC-1	A
GCTAGATGGAGGAC-1	A
GCTATACTCTCAGA-1	A
GCTATACTGCGGAA-1	A
GCTATACTTCGCAA-1	A
GCTATACTTTTCAC-1	A
GCTCAAGAGCATAC-1	A
GCTCAAGATCTCTA-1	A
GCTCACTGTCAAGC-1	A
GCTCAGCTATTCTC-1	A
GCTCAGCTATTGGC-1	A
GCTCCATGTCTGGA-1	A
GCTCGACTCAAGCT-1	A
GCTCGACTCCATGA-1	A
GCTGATGAAGCTAC-1	A
GCTGATGAGGTAAA-1	A
GCTTAACTATCTCT-1	A
GCTTAACTTTCTGT-1	A
GCTTGAGAAAGATG-1	A
GCTTGAGAGGAGGT-1	A
GCTTGAGAGTTAGC-1	A
GCTTGAGATAAGGA-1	A
GGAACACTGGGCAA-1	A
GGAACACTGTACGT-1	A
GGAACTACCTACTT-1	A
GGAACTACCTTAGG-1	A
GGAACTACTATCTC-1	A
GGAACTTGATCGAC-1	A
GGAAGGACCCTCCA-1	A
GGAAGGACCGGGAA-1	A
GGAAGGACTGGGAG-1	A
GGAAGGACTTGACG-1	A
GGAAGGTGGCAGTT-1	A
GGAAGGTGGTACAC-1	A
GGAAGGTGGTCTGA-1	A
GGAAGGTGTAGTCG-1	A
GGAATCTGTCGCTC-1	A
GGACAACTACTTTC-1	A
GGACAACTAGCATC-1	A
GGACAACTCTCTCG-1	A
GGACAACTTTAGGC-1	A
GGACAGGACACTTT-1	A
GGACAGGACATCAG-1	A
GGACAGGATGAGGG-1	A
GGACAGGATTGCAG-1	A
GGACATTGAGCCTA-1	A
GGACCCGACAGTTG-1	A
GGACCGTGAAGGTA-1	A
GGACCGTGAGTGCT-1	A
GGACCGTGCATGCA-1	A
GGACCGTGCTGTAG-1	A
GGACCTCTCCCTAC-1	A
GGACGAGAAAGCCT-1	A
GGACGAGAGAGACG-1	A
GGACGCTGCACTCC-1	A
GGACGCTGCCCTCA-1	A
GGACTATGCTGACA-1	A
GGAGACGAAAAACG-1	A
GGAGACGAAGCATC-1	A
GGAGACGACTTACT-1	A
GGAGACGATGCCCT-1	A
GGAGAGACTAGACC-1	A
GGAGCAGATGGTTG-1	A
GGAGCGCTATGACC-1	A
GGAGCGCTCTGATG-1	A
GGAGGATGGGTTAC-1	A
GGAGGATGTACTCT-1	A
GGAGGATGTTCGCC-1	A
GGAGGCCTCACTCC-1	A
GGAGGCCTCAGTCA-1	A
GGAGGCCTCTAGAC-1	A
GGAGGTGAACCAGT-1	A
GGAGGTGAAGAAGT-1	A
GGAGTTACCGCCTT-1	A
GGAGTTTGTACGCA-1	A
GGATACTGACGTGT-1	A
GGATACTGCACAAC-1	A
GGATAGCTACGGTT-1	A
GGATGTACATGCCA-1	A
GGATGTACCGCCTT-1	A
GGATGTACGGTAAA-1	A
GGATGTACTGCAAC-1	A
GGATGTACTGCACA-1	A
GGATGTTGACGGTT-1	A
GGATGTTGTATCTC-1	A
GGATGTTGTCCTCG-1	A
GGATTGTGGATACC-1	A
GGATTTCTACTGGT-1	A
GGATTTCTATAAGG-1	A
GGCAAGGACCTACC-1	A
GGCAATACTGTGAC-1	A
GGCACGTGGGATCT-1	A
GGCACTCTAACCGT-1	A
GGCACTCTCTACTT-1	A
GGCATATGACTACG-1	A
GGCATATGAGATCC-1	A
GGCATATGTCCGAA-1	A
GGCCACGAAAGAGT-1	A
GGCCACGAAGTGTC-1	A
GGCCACGACTCATT-1	A
GGCCACGATCGTTT-1	A
GGCCACGATGCAGT-1	A
GGCCAGACCCTTCG-1	A
GGCCCAGATACAGC-1	A
GGCCGAACACCAGT-1	A
GGCCGAACACCGAT-1	A
GGCCGAACCACAAC-1	A
GGCCGATGGTATCG-1	A
GGCGACACAGAGGC-1	A
GGCGACACGTTTCT-1	A
GGCGACACTATCTC-1	A
GGCGACTGCTTAGG-1	A
GGCGCATGGGGACA-1	A
GGCGGACTAGTCGT-1	A
GGCGGACTCGCATA-1	A
GGCGGACTCGTACA-1	A
GGCTAAACACTGTG-1	A
GGCTAAACATGACC-1	A
GGCTAAACCCACAA-1	A
GGCTCACTCCCTCA-1	A
GGGAACGAACCATG-1	A
GGGAACGAACGACT-1	A
GGGAACGACTCAAG-1	A
GGGAACGAGGGTGA-1	A
GGGAAGACCGACTA-1	A
GGGAAGTGTGACAC-1	A
GGGAAGTGTTCTGT-1	A
GGGAAGTGTTGAGC-1	A
GGGACCACCGTGAT-1	A
GGGACCACGCGAAG-1	A
GGGACCACGTCTGA-1	A
GGGACCACTTTACC-1	A
GGGACCTGGTTGGT-1	A
GGGATGGAAAAGTG-1	A
GGGATGGAAGTCAC-1	A
GGGATTACCTTGAG-1	A
GGGATTACTCGCCT-1	A
GGGATTACTGCACA-1	A
GGGCAAGAGAATAG-1	A
GGGCAAGATATCGG-1	A
GGGCAGCTACTCTT-1	A
GGGCAGCTCTACCC-1	A
GGGCCAACACCGAT-1	A
GGGCCAACCGAGTT-1	A
GGGCCAACGTGAGG-1	A
GGGCCAACGTGTTG-1	A
GGGCCAACTGGGAG-1	A
GGGCCAACTGGTAC-1	A
GGGCCATGCTTATC-1	A
GGGCCATGTCTACT-1	A
GGGTAACTAGGCGA-1	A
GGGTAACTGATAGA-1	A
GGGTTAACGTCTGA-1	A
GGGTTAACTTGTCT-1	A
GGGTTATGCGAATC-1	A
GGGTTATGTGGTCA-1	A
GGGTTATGTTCGTT-1	A
GGTAAAGAATCGTG-1	A
GGTAAAGACCATAG-1	A
GGTAAAGATGAACC-1	A
GGTACAACGTCCTC-1	A
GGTACTGAACTAGC-1	A
GGTAGTACAGCATC-1	A
GGTAGTACCAAAGA-1	A
GGTAGTACCGGGAA-1	A
GGTAGTACGTATCG-1	A
GGTAGTACTCCTAT-1	A
GGTATCGAACACAC-1	A
GGTATGACCCAACA-1	A
GGTCAAACATCTCT-1	A
GGTGATACCCTCCA-1	A
GGTGATACCGGAGA-1	A
GGTGATACTCCCAC-1	A
GGTGGAGACTGCAA-1	A
GGTGGAGAGATAAG-1	A
GGTTGAACGCCTTC-1	A
GGTTTACTAGTAGA-1	A
GGTTTACTTGGTTG-1	A
GTAACGTGACCTGA-1	A
GTAAGCACTGAAGA-1	A
GTAAGCTGAGAGAT-1	A
GTAAGCTGATCACG-1	A
GTAATAACACCCAA-1	A
GTAATAACATGTCG-1	A
GTAATAACCCTTGC-1	A
GTAATAACGCTTAG-1	A
GTAATAACTCTCCG-1	A
GTAATATGTCCTCG-1	A
GTAATATGTGACCA-1	A
GTACAGTGGCCCTT-1	A
GTACAGTGTAGCCA-1	A
GTACCCTGCACTTT-1	A
GTACGAACAAACAG-1	A
GTACGAACCTGAGT-1	A
GTACGTGACCGTAA-1	A
GTACTACTAGAAGT-1	A
GTACTTTGCGAGTT-1	A
GTACTTTGCTCTCG-1	A
GTAGACTGCCTCGT-1	A
GTAGCAACACTGTG-1	A
GTAGCAACATCGAC-1	A
GTAGCAACCAGTTG-1	A
GTAGCATGGGAAGC-1	A
GTAGCATGTGAGGG-1	A
GTAGCATGTGGTTG-1	A
GTAGCCCTACTTTC-1	A
GTAGCCCTGGTACT-1	A
GTAGCTGAAAACGA-1	A
GTAGCTGACACACA-1	A
GTAGGTACCGTTAG-1	A
GTAGGTACTCCTTA-1	A
GTAGTCGAGCTGTA-1	A
GTAGTCGAGTCATG-1	A
GTAGTGACCTCCAC-1	A
GTAGTGACGTAAGA-1	A
GTAGTGTGCCTTGC-1	A
GTATCACTGGCAAG-1	A
GTATCACTTCTGGA-1	A
GTATCACTTTTCGT-1	A
GTATCTACAACGAA-1	A
GTATCTACATGTGC-1	A
GTATGGTGCTCAGA-1	A
GTATTAGAACTAGC-1	A
GTATTCACAGCCAT-1	A
GTATTCACAGCCTA-1	A
GTATTCACGACAAA-1	A
GTATTCACGTTCGA-1	A
GTCAACGACACTGA-1	A
GTCAACGACGGTAT-1	A
GTCAATCTGAGGTG-1	A
GTCACAGAAAGCCT-1	A
GTCACAGACCATGA-1	A
GTCACAGAGCGTAT-1	A
GTCACAGAGGTAGG-1	A
GTCACCTGTCGTTT-1	A
GTCATACTAAACAG-1	A
GTCCAAGACAGTTG-1	A
GTCCAAGAGAACTC-1	A
GTCCAAGATTTACC-1	A
GTCCACACGACTAC-1	A
GTCCACTGCGACAT-1	A
GTCCACTGGAGCAG-1	A
GTCCACTGTCCAAG-1	A
GTCCAGCTACTACG-1	A
GTCCCATGAACGAA-1	A
GTCCCATGACCACA-1	A
GTCCCATGATGCTG-1	A
GTCCCATGGTTGGT-1	A
GTCGAATGACAGCT-1	A
GTCGACCTATCGGT-1	A
GTCGCACTAGTCGT-1	A
GTCGCACTCATGAC-1	A
GTCGCACTGAGACG-1	A
GTCGCACTTCTGGA-1	A
GTCGCACTTGCAGT-1	A
GTCGCACTTGGTAC-1	A
GTCGCACTTGTCGA-1	A
GTCTAACTCATACG-1	A
GTCTAACTTCCAAG-1	A
GTCTAGGAACTGGT-1	A
GTCTAGGACTCGCT-1	A
GTCTAGGAGACGTT-1	A
GTCTAGGATAACGC-1	A
GTCTGAGAATTGGC-1	A
GTCTGAGAGCGATT-1	A
GTGAACACAACGAA-1	A
GTGAACACCACTCC-1	A
GTGACAACCCTACC-1	A
GTGACAACGTATCG-1	A
GTGACAACTAGTCG-1	A
GTGACCCTACGCAT-1	A
GTGACCCTACGTAC-1	A
GTGACCCTCAGAGG-1	A
GTGACCCTGCCATA-1	A
GTGACCCTGGCGAA-1	A
GTGACCCTGTGCAT-1	A
GTGACCCTTTATCC-1	A
GTGACCCTTTGACG-1	A
GTGAGGGAACCTCC-1	A
GTGAGGGAAGTCTG-1	A
GTGAGGGACCTCCA-1	A
GTGAGGGAGAATCC-1	A
GTGATCGAAAGCCT-1	A
GTGATCGAACGTTG-1	A
GTGATCGAGCATCA-1	A
GTGATCGAGCTATG-1	A
GTGATCGATTATCC-1	A
GTGATCGATTTACC-1	A
GTGCCACTAATGCC-1	A
GTGCCACTGGTGTT-1	A
GTGCCACTTGACCA-1	A
GTGCCACTTGGCAT-1	A
GTGCTAGAAACAGA-1	A
GTGCTAGACTAGCA-1	A
GTGCTAGACTTCCG-1	A
GTGGAGGAACAGCT-1	A
GTGGAGGAGACACT-1	A
GTGGAGGAGAGGTG-1	A
GTGGATTGCCCTCA-1	A
GTGGATTGCTTGTT-1	A
GTGGATTGTGGTTG-1	A
GTGTACGAAGCGGA-1	A
GTGTACGACCACCT-1	A
GTGTAGTGTAAGGA-1	A
GTGTAGTGTCTTAC-1	A
GTGTATCTGCCATA-1	A
GTGTATCTGCCTTC-1	A
GTGTATCTGTTGTG-1	A
GTGTCAGAAAACGA-1	A
GTGTCAGAACCTAG-1	A
GTGTGATGCATACG-1	A
GTTAAAACCACTCC-1	A
GTTAAAACTAGAAG-1	A
GTTAAATGACGGTT-1	A
GTTAAATGGAGGGT-1	A
GTTAAATGGGTTTG-1	A
GTTACGGAGGAGTG-1	A
GTTACTACGGTCTA-1	A
GTTAGGTGCCCTCA-1	A
GTTAGGTGGTTGCA-1	A
GTTAGGTGTTATCC-1	A
GTTAGTCTGTGTAC-1	A
GTTATGCTCATACG-1	A
GTTATGCTCCTCGT-1	A
GTTATGCTGGACGA-1	A
GTTATGCTTGTCTT-1	A
GTTCAGGAAAAGCA-1	A
GTTCATACAACCAC-1	A
GTTCATACAACTGC-1	A
GTTCATACACGGAG-1	A
GTTGACGACTGTCC-1	A
GTTGACGATCCAGA-1	A
GTTGAGTGGTTTCT-1	A
GTTGATCTGGACGA-1	A
GTTGATCTTCATTC-1	A
GTTGGATGAGGGTG-1	A
GTTGTACTGCTGTA-1	A
GTTGTACTTATGGC-1	A
GTTTAAGATTCATC-1	A
TAAACAACCACTCC-1	A
TAAAGACTACCTAG-1	A
TAAAGACTGAACTC-1	A
TAAAGTTGGGTAGG-1	A
TAAAGTTGTCCAGA-1	A
TAAATCGAATCGTG-1	A
TAAATCGAGTTTCT-1	A
TAAATGTGCTGGAT-1	A
TAAATGTGTGCTCC-1	A
TAACAATGCCGTTC-1	A
TAACACCTACCGAT-1	A
TAACACCTTGAAGA-1	A
TAACACCTTGGGAG-1	A
TAACACCTTTGGTG-1	A
TAACATGATTCACT-1	A
TAACCGGATCAGTG-1	A
TAACTAGACTACTT-1	A
TAACTAGACTTACT-1	A
TAACTAGACTTCTA-1	A
TAACTAGAGTCGTA-1	A
TAACTCACTCCCAC-1	A
TAAGAGGAGAAGGC-1	A
TAAGATACCAAAGA-1	A
TAAGATACCCTCAC-1	A
TAAGATACCGCTAA-1	A
TAAGATACCTATTC-1	A
TAAGATACGAGGTG-1	A
TAAGATACTTTCTG-1	A
TAAGATTGGGCATT-1	A
TAAGCTCTGTAGGG-1	A
TAAGCTCTTTGCGA-1	A
TAAGGCTGGCGTAT-1	A
TAAGTAACGAGGTG-1	A
TAAGTAACTACTTC-1	A
TAAGTAACTTATCC-1	A
TAAGTCCTGTTGTG-1	A
TAAGTCCTTTCTCA-1	A
TAATCCACGCGAGA-1	A
TAATCCACTGAAGA-1	A
TAATCGCTGTGTCA-1	A
TAATCGCTTAACGC-1	A
TAATGAACCTGCTC-1	A
TAATGCCTAGAAGT-1	A
TAATGTGAAGAGAT-1	A
TAATGTGAATCGGT-1	A
TAATGTGACCACAA-1	A
TACAAATGCATGAC-1	A
TACAAATGTCAAGC-1	A
TACAATGATTTCTG-1	A
TACACACTATGCTG-1	A
TACATAGACACTTT-1	A
TACATAGACAGTTG-1	A
TACATAGATGTGGT-1	A
TACCGAGAACCGAT-1	A
TACCGAGACTTCTA-1	A
TACCGGCTACCTAG-1	A
TACCGGCTTGGAGG-1	A
TACGACGATACAGC-1	A
TACGAGACCGTACA-1	A
TACGAGACGTTGCA-1	A
TACGAGTGCACTTT-1	A
TACGAGTGCGTCTC-1	A
TACGATCTCTGAAC-1	A
TACGATCTTCTTCA-1	A
TACGCAGAGCATAC-1	A
TACGCAGAGGCATT-1	A
TACGCCACAACGTC-1	A
TACGCCACCTTCTA-1	A
TACGCGCTAAGTGA-1	A
TACGCGCTGAGCTT-1	A
TACGCGCTTCGTTT-1	A
TACGGAACCGTGAT-1	A
TACGGCCTACTTTC-1	A
TACGGCCTCCGTTC-1	A
TACGTACTTCTGGA-1	A
TACGTTACGAGGGT-1	A
TACTAAGAAGGGTG-1	A
TACTAAGACGACTA-1	A
TACTACACGGTACT-1	A
TACTACTGAAGTAG-1	A
TACTACTGCACTCC-1	A
TACTACTGCCATGA-1	A
TACTCCCTTGACCA-1	A
TACTCTGACCGAAT-1	A
TACTCTGATATCTC-1	A
TACTGGGAGATACC-1	A
TACTGGGATGACTG-1	A
TACTGGGATGGAAA-1	A
TACTGTTGGGCGAA-1	A
TACTGTTGTGCACA-1	A
TACTTGACCATGGT-1	A
TACTTTCTTCCAGA-1	A
TAGAAACTTTACCT-1	A
TAGAATACGGCAAG-1	A
TAGAATTGACTCTT-1	A
TAGAATTGTCCTGC-1	A
TAGACGTGCATGCA-1	A
TAGACGTGGGAGGT-1	A
TAGAGAGACTTGGA-1	A
TAGATCCTGCATCA-1	A
TAGATTGACTCCCA-1	A
TAGATTGATCAGGT-1	A
TAGATTGATGTAGC-1	A
TAGCATCTACTTTC-1	A
TAGCATCTCATGAC-1	A
TAGCCCACAGGGTG-1	A
TAGCCCTGACGCAT-1	A
TAGCGATGACCTGA-1	A
TAGCGATGCATACG-1	A
TAGCGATGCCATAG-1	A
TAGCTACTCCGTAA-1	A
TAGGACTGTCTCAT-1	A
TAGGACTGTTCACT-1	A
TAGGAGCTGATGAA-1	A
TAGGCAACTGGATC-1	A
TAGGCAACTTTCAC-1	A
TAGGCATGACCCTC-1	A
TAGGCATGGTACGT-1	A
TAGGCTGACTTGGA-1	A
TAGGGACTCTGCTC-1	A
TAGGGACTGGACGA-1	A
TAGGTCGAACCTCC-1	A
TAGGTCGAGTACAC-1	A
TAGGTCGATTTCGT-1	A
TAGGTGACACCAGT-1	A
TAGGTGACCTTCCG-1	A
TAGGTGTGAAGGTA-1	A
TAGGTGTGAGGTCT-1	A
TAGGTGTGGAATCC-1	A
TAGGTTCTAACGTC-1	A
TAGGTTCTAGGCGA-1	A
TAGGTTCTGACTAC-1	A
TAGTAAACGGACGA-1	A
TAGTAATGAACGAA-1	A
TAGTACCTTACTTC-1	A
TAGTCACTATCGGT-1	A
TAGTCACTGGCGAA-1	A
TAGTCGGAAGCCAT-1	A
TAGTCTTGAAAACG-1	A
TAGTCTTGATCACG-1	A
TAGTCTTGCTGTGA-1	A
TAGTCTTGTACGCA-1	A
TAGTCTTGTGTGGT-1	A
TAGTGGTGAGCTAC-1	A
TAGTGGTGCTGCTC-1	A
TAGTGGTGGTAGGG-1	A
TAGTGGTGTTCCGC-1	A
TAGTTAGAATAAGG-1	A
TAGTTAGACTTTAC-1	A
TAGTTCACGGGTGA-1	A
TAGTTGCTTAGAGA-1	A
TATAAGACATCAGC-1	A
TATAAGACCAACTG-1	A
TATAAGACCTGCTC-1	A
TATAAGACTAACGC-1	A
TATAAGTGGACTAC-1	A
TATAAGTGTTTGGG-1	A
TATACAGAACGGGA-1	A
TATACAGACTGTTT-1	A
TATACGCTCAACCA-1	A
TATACGCTGTCTAG-1	A
TATAGATGACGTAC-1	A
TATAGATGCGTAGT-1	A
TATAGATGGGTCTA-1	A
TATAGATGGTCTGA-1	A
TATCAAGACCTTCG-1	A
TATCACTGAGTAGA-1	A
TATCACTGGCTAAC-1	A
TATCAGCTTTACCT-1	A
TATCCAACTAGCGT-1	A
TATCGACTAGTTCG-1	A
TATCGACTCTATGG-1	A
TATCGACTTCCGAA-1	A
TATCTCGACGCAAT-1	A
TATCTCGAGGACTT-1	A
TATCTCGATGTAGC-1	A
TATCTGACCTCCAC-1	A
TATCTGACTGGTGT-1	A
TATCTGACTTACTC-1	A
TATCTTCTTCTGGA-1	A
TATGAATGCTACCC-1	A
TATGAATGGCAGTT-1	A
TATGAATGTCAGTG-1	A
TATGAATGTGCCCT-1	A
TATGCGGAGAGGGT-1	A
TATGCGGAGGGACA-1	A
TATGCGGAGTTGGT-1	A
TATGGGACATCGGT-1	A
TATGGGACTATCGG-1	A
TATGGGACTGCAGT-1	A
TATGGGACTGCCCT-1	A
TATGGGACTGGTAC-1	A
TATGGGTGCTAGCA-1	A
TATGGTCTAGTTCG-1	A
TATGGTCTGCATAC-1	A
TATGGTCTTTGGCA-1	A
TATGTCACAAGTAG-1	A
TATGTCACGGTTTG-1	A
TATGTCACGTAGCT-1	A
TATGTCTGACCTCC-1	A
TATGTGCTCGGGAA-1	A
TATTGCTGCAGTCA-1	A
TATTGCTGCCTTCG-1	A
TATTGCTGCTCTCG-1	A
TATTGCTGTCTACT-1	A
TATTGCTGTGCTTT-1	A
TATTTCCTAAACGA-1	A
TATTTCCTGTATCG-1	A
TATTTCCTTATCTC-1	A
TCAAGGACGCTGAT-1	A
TCAAGGTGCACAAC-1	A
TCAAGGTGCTCCCA-1	A
TCAAGTCTTCTGGA-1	A
TCACCCGATCCTCG-1	A
TCACCGTGCTGACA-1	A
TCACCTCTCAGTCA-1	A
TCACCTCTTGCACA-1	A
TCACGAGAATTCGG-1	A
TCACTATGCAAGCT-1	A
TCAGACGATAGAAG-1	A
TCAGACGATCCGTC-1	A
TCAGAGACACACGT-1	A
TCAGAGACTCCTTA-1	A
TCAGCAGAGGAAGC-1	A
TCAGCAGATAGAAG-1	A
TCAGCAGATGACTG-1	A
TCAGCGCTCTTGCC-1	A
TCAGGATGGAGCTT-1	A
TCAGGATGTGGAAA-1	A
TCAGTACTAAGAAC-1	A
TCAGTGGAGCCAAT-1	A
TCATCAACAAGGTA-1	A
TCATCATGTCTATC-1	A
TCATCATGTTTCGT-1	A
TCATGTACCATTTC-1	A
TCATTGACCTGCTC-1	A
TCCACGTGGGCGAA-1	A
TCCACGTGTTCTCA-1	A
TCCACTCTACCCTC-1	A
TCCACTCTCTCAAG-1	A
TCCACTCTTGTGAC-1	A
TCCACTCTTTTCAC-1	A
TCCAGAGAACGTTG-1	A
TCCAGAGAGTTTGG-1	A
TCCATCCTATGTGC-1	A
TCCATCCTCCAGTA-1	A
TCCATCCTTAAGCC-1	A
TCCCACGATTTGGG-1	A
TCCCAGACCAATCG-1	A
TCCCATCTAGTAGA-1	A
TCCCGAACCCTTGC-1	A
TCCCGATGCACTCC-1	A
TCCCGATGTGAGCT-1	A
TCCCTACTAGTACC-1	A
TCCCTACTAGTTCG-1	A
TCCCTACTGAATAG-1	A
TCCCTACTTGAGAA-1	A
TCCGAAGACCTACC-1	A
TCCGAAGAGCTGAT-1	A
TCCGAGCTCCAATG-1	A
TCCGAGCTCGCAAT-1	A
TCCGGACTTCCGTC-1	A
TCCGGACTTGTCGA-1	A
TCCTAAACCGATAC-1	A
TCCTAATGCTTCCG-1	A
TCCTAATGTGTCTT-1	A
TCCTACCTGACAAA-1	A
TCCTACCTTGGTAC-1	A
TCCTATGAGAATGA-1	A
TCCTATGAGTTGGT-1	A
TCGAATCTACGACT-1	A
TCGAATCTTGTCAG-1	A
TCGACCTGGTTGTG-1	A
TCGACGCTCTGTCC-1	A
TCGACGCTTGAAGA-1	A
TCGAGCCTAAAGCA-1	A
TCGAGCCTGTTCGA-1	A
TCGAGCCTTAAGGA-1	A
TCGAGCCTTGGTAC-1	A
TCGATTTGACGCTA-1	A
TCGATTTGTCGTGA-1	A
TCGCAAGAAGAGAT-1	A
TCGCAAGAGCTCCT-1	A
TCGCAAGAGTGTCA-1	A
TCGCAAGATGCTAG-1	A
TCGCACACCGGAGA-1	A
TCGCACACGTCGAT-1	A
TCGCACACTCTTAC-1	A
TCGCACACTTTGTC-1	A
TCGCACTGAGTCAC-1	A
TCGCAGCTGTGCAT-1	A
TCGCAGCTGTTAGC-1	A
TCGCCATGGGAGGT-1	A
TCGCCATGTTTGCT-1	A
TCGGACCTGAATGA-1	A
TCGGACCTGCGTAT-1	A
TCGGACCTTTACCT-1	A
TCGGCACTAAGCAA-1	A
TCGGTAGACCTGAA-1	A
TCGGTAGACGTGTA-1	A
TCGGTAGATTACCT-1	A
TCGTGAGATGCGTA-1	A
TCGTGAGATTCTTG-1	A
TCGTTATGCAACTG-1	A
TCGTTATGCGATAC-1	A
TCGTTATGGGGACA-1	A
TCGTTATGTCGCTC-1	A
TCTAACACTCTACT-1	A
TCTAACTGACGTGT-1	A
TCTACAACGAGATA-1	A
TCTACAACTTTCGT-1	A
TCTAGACTAACGGG-1	A
TCTAGTTGAAACGA-1	A
TCTAGTTGACCAGT-1	A
TCTATGTGTGGTCA-1	A
TCTCAAACAACGTC-1	A
TCTCAAACACCCTC-1	A
TCTCAAACCCATAG-1	A
TCTCAAACGGAGGT-1	A
TCTCAAACGTCTGA-1	A
TCTCCACTTAGAGA-1	A
TCTCCACTTGTGAC-1	A
TCTCTAGAAAGCCT-1	A
TCTCTAGATCTCGC-1	A
TCTCTAGATGCTTT-1	A
TCTTACGACTGTAG-1	A
TCTTGATGCCGATA-1	A
TGAAATTGCCGAAT-1	A
TGAAATTGCCTCCA-1	A
TGAAATTGGGAAAT-1	A
TGAAGCACATCTTC-1	A
TGAAGCACCTCGAA-1	A
TGAAGCACGCGTTA-1	A
TGAAGCACGTGTCA-1	A
TGAAGCACTTTGTC-1	A
TGAAGCTGGCATAC-1	A
TGAAGCTGGTAAGA-1	A
TGAAGCTGTCTCCG-1	A
TGAATAACAACGGG-1	A
TGACCAGAAGATCC-1	A
TGACCAGACGCTAA-1	A
TGACCGCTATCTCT-1	A
TGACCGCTTCGCTC-1	A
TGACGAACCAATCG-1	A
TGACGAACGTTGAC-1	A
TGACGAACTTTACC-1	A
TGACGCCTGAATAG-1	A
TGACTTACGAGGGT-1	A
TGACTTACGGACTT-1	A
TGACTTACGTACCA-1	A
TGACTTACTTGTGG-1	A
TGACTTTGGTCTGA-1	A
TGAGACACGTTCTT-1	A
TGAGACACTCCTAT-1	A
TGAGCAACAGAGGC-1	A
TGAGCAACCTAGTG-1	A
TGAGCAACGGAAAT-1	A
TGAGCTGAAGCATC-1	A
TGAGCTGAGCGATT-1	A
TGAGCTGAGGTACT-1	A
TGAGCTGATTTCGT-1	A
TGAGGACTACACAC-1	A
TGAGGACTGTTCTT-1	A
TGAGGTACTCTATC-1	A
TGAGTCGACCCTCA-1	A
TGAGTCGAGGACAG-1	A
TGAGTGACCTTCCG-1	A
TGAGTGACCTTTAC-1	A
TGAGTGACGCATCA-1	A
TGATAAACCTGTGA-1	A
TGATAAACGCCCTT-1	A
TGATACCTGGTACT-1	A
TGATACCTGGTCTA-1	A
TGATACCTTCATTC-1	A
TGATTAGAGATAGA-1	A
TGATTCACACCAAC-1	A
TGATTCACTGATGC-1	A
TGATTCTGGAGGAC-1	A
TGCAACGAAAAGCA-1	A
TGCAAGACGGTACT-1	A
TGCAAGACTAAGGA-1	A
TGCAAGTGAGTCAC-1	A
TGCAATCTGCGAGA-1	A
TGCACAGAAGTGTC-1	A
TGCACGCTTATTCC-1	A
TGCACGCTTCTCTA-1	A
TGCAGATGAGCATC-1	A
TGCATGGAAGCCTA-1	A
TGCCAAGAGCTCCT-1	A
TGCCAGCTACTGTG-1	A
TGCCAGCTCCTCCA-1	A
TGCCCAACGGAAGC-1	A
TGCCCAACGTACGT-1	A
TGCCCAACTCTTTG-1	A
TGCCGACTCTATTC-1	A
TGCCGACTTTGACG-1	A
TGCGAAACTGTTTC-1	A
TGCGATGAAGCACT-1	A
TGCGATGAGCCATA-1	A
TGCGCACTATAAGG-1	A
TGCGTAGACTCTCG-1	A
TGCGTAGAGATACC-1	A
TGCGTAGATAGCCA-1	A
TGCTAGGATCGTAG-1	A
TGCTATACACCCAA-1	A
TGCTATACTGAACC-1	A
TGCTGAGATTCAGG-1	A
TGCTTAACCTCTAT-1	A
TGGAAAGAGCTATG-1	A
TGGAAAGATACTGG-1	A
TGGAAAGATCTACT-1	A
TGGAACACCCAACA-1	A
TGGAACACCCTGTC-1	A
TGGAACTGCGCAAT-1	A
TGGAACTGGAGGGT-1	A
TGGAACTGTGAGGG-1	A
TGGAAGCTACGGAG-1	A
TGGACCCTGCTGAT-1	A
TGGACTGAAGACTC-1	A
TGGACTGAAGGGTG-1	A
TGGACTGAGGTATC-1	A
TGGACTGATGGTTG-1	A
TGGAGACTCACTTT-1	A
TGGAGACTCTACGA-1	A
TGGAGACTGACTAC-1	A
TGGAGGGAACCTAG-1	A
TGGAGGGAAGATCC-1	A
TGGAGGGACCACAA-1	A
TGGAGGGACGTCTC-1	A
TGGAGGGAGAGCAG-1	A
TGGATGTGTAGCGT-1	A
TGGATGTGTGTTCT-1	A
TGGATTCTCCTTGC-1	A
TGGATTCTCTTGCC-1	A
TGGCACCTACGTTG-1	A
TGGCACCTACTGGT-1	A
TGGCACCTCTTGAG-1	A
TGGCACCTTACGCA-1	A
TGGGTATGTCTATC-1	A
TGGGTATGTGTAGC-1	A
TGGTAGACACTGTG-1	A
TGGTAGACCATGGT-1	A
TGGTAGTGCCCAAA-1	A
TGGTAGTGCCTATT-1	A
TGGTAGTGTGAAGA-1	A
TGGTCAGAACACTG-1	A
TGGTCAGATGGTTG-1	A
TGGTTACTAGGGTG-1	A
TGGTTACTATGCCA-1	A
TGTAAAACCAGGAG-1	A
TGTAAAACGTTCGA-1	A
TGTAATGAAAGAAC-1	A
TGTAATGAACTGTG-1	A
TGTAATGACTCTTA-1	A
TGTAATGAGTTTCT-1	A
TGTACTTGAGCACT-1	A
TGTACTTGTCCTGC-1	A
TGTAGGTGGACAAA-1	A
TGTAGGTGTCGTGA-1	A
TGTAGTCTACCAAC-1	A
TGTAGTCTCCGAAT-1	A
TGTAGTCTGCTGAT-1	A
TGTAGTCTTCAAGC-1	A
TGTATCTGACGACT-1	A
TGTATCTGGTTAGC-1	A
TGTATCTGTGACAC-1	A
TGTATGCTGAAACA-1	A
TGTATGCTGGACGA-1	A
TGTATGCTGTCAAC-1	A
TGTCAGGAGCCCTT-1	A
TGTCTAACAAGCCT-1	A
TGTCTAACCTGGAT-1	A
TGTCTAACGAGAGC-1	A
TGTGACGAAGCGTT-1	A
TGTGACGACTCCCA-1	A
TGTGAGACACTAGC-1	A
TGTGAGACCCCAAA-1	A
TGTGAGACTTCCCG-1	A
TGTGATCTAAAGCA-1	A
TGTGATCTGAAACA-1	A
TGTTAAGATATGCG-1	A
TGTTACACCCATGA-1	A
TGTTACTGATCTTC-1	A
TTAACCACTCTTTG-1	A
TTACACACATGCTG-1	A
TTACACACGCTTAG-1	A
TTACAGCTATCGTG-1	A
TTACAGCTCCAAGT-1	A
TTACAGCTGCATAC-1	A
TTACCATGACCTCC-1	A
TTACCATGTACTGG-1	A
TTACCATGTCGCAA-1	A
TTACGACTGTACGT-1	A
TTACGTACCGTTGA-1	A
TTACTCGACGAATC-1	A
TTACTCGAGGAAAT-1	A
TTAGACCTATTTCC-1	A
TTAGACCTCTCGCT-1	A
TTAGACCTTCCTTA-1	A
TTAGCTACGAATGA-1	A
TTAGCTACGCTTCC-1	A
TTAGCTACGGACTT-1	A
TTAGGGACTGCAAC-1	A
TTAGGGTGCTTGAG-1	A
TTAGGGTGGTCCTC-1	A
TTAGGTCTACGTTG-1	A
TTAGTCACCTCCCA-1	A
TTAGTCTGCTTGTT-1	A
TTATCCGACATGCA-1	A
TTATGAGAGTGCTA-1	A
TTATGCACCCTGAA-1	A
TTATGCACGGAGTG-1	A
TTATGCACTACGAC-1	A
TTATGCACTGCATG-1	A
TTATGCACTTATCC-1	A
TTATGCACTTCCCG-1	A
TTATGGCTACCCAA-1	A
TTATGGCTTGCCTC-1	A
TTATTCCTATGTCG-1	A
TTATTCCTCACTCC-1	A
TTCAACACAAGTGA-1	A
TTCAACACTGTCGA-1	A
TTCAAGCTAAGGCG-1	A
TTCACAACCCGTTC-1	A
TTCACAACGAATCC-1	A
TTCACCCTATTGGC-1	A
TTCACCCTCCTGTC-1	A
TTCACCCTCTTCCG-1	A
TTCACCCTGACGTT-1	A
TTCAGACTCATCAG-1	A
TTCAGACTCCTACC-1	A
TTCAGTACACAGTC-1	A
TTCATCGACACAAC-1	A
TTCATCGATGGTGT-1	A
TTCATGACAGCCTA-1	A
TTCATGACTCGCCT-1	A
TTCATGTGCGACTA-1	A
TTCCATGAACCACA-1	A
TTCCCACTCGACTA-1	A
TTCCTAGAACCTCC-1	A
TTCCTAGAAGATGA-1	A
TTCCTAGACTTCTA-1	A
TTCCTAGAGTCAAC-1	A
TTCGAGGAACGGAG-1	A
TTCGAGGAACTCAG-1	A
TTCGAGGAGACAGG-1	A
TTCGAGGAGCTTCC-1	A
TTCGAGGATTCATC-1	A
TTCGATTGGACAGG-1	A
TTCGATTGGACGGA-1	A
TTCGGAGACCTATT-1	A
TTCGTATGAACGAA-1	A
TTCGTATGCTGCAA-1	A
TTCGTATGGTCGAT-1	A
TTCTACGAATTCCT-1	A
TTCTACGACCCTTG-1	A
TTCTACGAGAACCT-1	A
TTCTACGATTTGTC-1	A
TTCTAGTGAAAGCA-1	A
TTCTAGTGAGTCGT-1	A
TTCTAGTGGTTCGA-1	A
TTCTAGTGTGCCAA-1	A
TTCTCAGAAGCGTT-1	A
TTCTCAGAGATACC-1	A
TTCTGATGTGGCAT-1	A
TTCTTACTAAACAG-1	A
TTCTTACTGGGCAA-1	A
TTGAACCTCACTTT-1	A
TTGAACCTGAGGTG-1	A
TTGAATGAAGCCTA-1	A
TTGAATGAGCTAAC-1	A
TTGAATGAGGAACG-1	A
TTGACACTCCAACA-1	A
TTGAGGACAGTCAC-1	A
TTGAGGACCAAGCT-1	A
TTGAGGACTGCCAA-1	A
TTGAGGTGTAGAAG-1	A
TTGATCTGAAACGA-1	A
TTGATCTGTTTCAC-1	A
TTGCATTGTCAGTG-1	A
TTGCTAACGTGAGG-1	A
TTGCTATGCTAGTG-1	A
TTGGAGACAGCATC-1	A
TTGGAGTGAGCGTT-1	A
TTGGAGTGTACAGC-1	A
TTGGTACTCGTGAT-1	A
TTGGTACTGCGTAT-1	A
TTGGTACTTAACCG-1	A
TTGTAGCTACGTAC-1	A
TTGTAGCTTCCTAT-1	A
TTGTCATGACGTTG-1	A
TTGTCATGCTCGAA-1	A
TTTAGAGAATCAGC-1	A
TTTAGAGACTTGGA-1	A
TTTAGAGAGGGATG-1	A
TTTAGAGAGTGAGG-1	A
TTTAGAGATTCGTT-1	A
TTTAGCTGTTATCC-1	A
TTTAGGCTAACCGT-1	A
TTTAGGCTATGTGC-1	A
TTTAGGCTTGACAC-1	A
TTTATCCTGCGAAG-1	A
TTTCACGAAGCCTA-1	A
TTTCACGACAAAGA-1	A
TTTCAGTGCGAGAG-1	A
TTTCAGTGCTCATT-1	A
TTTCCAGAATCAGC-1	A
TTTCCAGAGTTTCT-1	A
TTTCGAACTGTCAG-1	A
TTTCTACTTGTCGA-1	A
TTTGACTGCTAGCA-1	A
TTTGCATGATCTTC-1	A
TTTGCATGGGAGCA-1	A
TTTGCATGGGAGTG-1	A
