AAACATACAACTGC-1	6
AAACCGTGCGACAT-1	6
AAACTTGATTGCGA-1	6
AAAGACGAGGTTAC-1	6
AAAGAGACAGAGTA-1	6
AAAGATCTGGCATT-1	6
AAAGCAGATTCACT-1	6
AAAGCCTGTCACGA-1	6
AAAGGCCTTGCCAA-1	6
AAATACTGCAGGAG-1	6
AAATACTGCCTGAA-1	6
AAATCAACCATGAC-1	6
AAATCAACGTTAGC-1	6
AAATCATGAAAGTG-1	6
AAATCCCTGACGTT-1	6
AAATGTTGACCAGT-1	6
AAATTGACGTCTAG-1	6
AAATTGACTCTTTG-1	6
AACAAACTACACGT-1	6
AACAAACTCCACCT-1	6
AACATATGGTTCAG-1	6
AACATTGAAGATGA-1	6
AACCAGTGTGAACC-1	6
AACCGATGGGTGAG-1	6
AACCTTTGAGAAGT-1	6
AACCTTTGTAGAAG-1	6
AACGCCCTGCTACA-1	6
AACGCCCTTCTATC-1	6
AACGGTACAAAGTG-1	6
AACGTTCTGAAACA-1	6
AACGTTCTTTCTAC-1	6
AACTTGCTGGAGCA-1	6
AAGACAGAAAACGA-1	6
AAGAGATGGACGGA-1	6
AAGAGATGTCAGGT-1	6
AAGATGGAAGCAAA-1	6
AAGCACTGCAGAAA-1	6
AAGCGACTAAGTGA-1	6
AAGGCTTGATCTTC-1	6
AAGGTCACGACACT-1	6
AAGGTCACGGATTC-1	6
AAGGTCTGAGCTCA-1	6
AAGGTCTGGAGGGT-1	6
AAGTAGGACCGTTC-1	6
AAGTATACACGTGT-1	6
AAGTATACGATGAA-1	6
AAGTCTCTCGCAAT-1	6
AAGTGCACCGCCTT-1	6
AATAACACTAAGCC-1	6
AATAACACTCATTC-1	6
AATACTGAACGCAT-1	6
AATACTGACGCATA-1	6
AATACTGATGCCTC-1	6
AATCCGGATGAGAA-1	6
AATCCGGATGTGCA-1	6
AATCGGTGATGGTC-1	6
AATCTAGACACAAC-1	6
AATCTCACCAACCA-1	6
AATCTCACGAGGCA-1	6
AATCTCACGTTGCA-1	6
AATGAGGAATGTCG-1	6
AATGAGGACAGAGG-1	6
AATGGAGAACCGAT-1	6
AATGGAGAGAGCTT-1	6
AATGGCTGAAGGGC-1	6
AATGTAACAAAGCA-1	6
AATGTAACCAGAGG-1	6
AATGTAACGTATCG-1	6
AATTCCTGGTGTCA-1	6
ACAAATTGGCATAC-1	6
ACAATAACTTCTCA-1	6
ACACAGACCCAGTA-1	6
ACACATCTCTGTGA-1	6
ACACCCTGGCAGTT-1	6
ACACGATGAGCGTT-1	6
ACACGTGAGAGCAG-1	6
ACACGTGATGAAGA-1	6
ACAGACACAGGTTC-1	6
ACAGACACCAAAGA-1	6
ACAGGTACTGGTGT-1	6
ACAGGTACTTCCAT-1	6
ACAGGTACTTTCGT-1	6
ACCACGCTTAAGCC-1	6
ACCACGCTTACTCT-1	6
ACCATTACCGTTAG-1	6
ACCCGTACCCAAGT-1	6
ACCCGTACTATCGG-1	6
ACCGCGGACTAAGC-1	6
ACCGCGGATTCATC-1	6
ACCTCGTGACTAGC-1	6
ACGAACACTTTCGT-1	6
ACGAGTACTCCAGA-1	6
ACGATCGATCTCAT-1	6
ACGATTCTTTATCC-1	6
ACGCACCTACCTCC-1	6
ACGCACCTCTTGGA-1	6
ACGCCACTGTCCTC-1	6
ACGCGGTGCACTTT-1	6
ACGCTGCTTGCTAG-1	6
ACGGAACTCGACAT-1	6
ACGGCTCTCCCTTG-1	6
ACGGGAGACCTCGT-1	6
ACGGGAGATCGTTT-1	6
ACGGTAACTGTCGA-1	6
ACGGTCCTTACAGC-1	6
ACGTAGACGCCCTT-1	6
ACGTCAGACAGTTG-1	6
ACGTGATGCTCGAA-1	6
ACGTGATGGGAAAT-1	6
ACGTGATGTGGGAG-1	6
ACGTGCCTCCAAGT-1	6
ACGTGCCTCCGTTC-1	6
ACGTTACTCTGACA-1	6
ACGTTACTCTTGCC-1	6
ACGTTACTGTTGTG-1	6
ACGTTGGATCCCAC-1	6
ACTAAAACGTTTGG-1	6
ACTATCACAGAGGC-1	6
ACTATCACCTTCGC-1	6
ACTCAGGAGCTTCC-1	6
ACTCCCGAGCAAGG-1	6
ACTCGAGAATCTCT-1	6
ACTCGCACGTGTAC-1	6
ACTCGCACTGGCAT-1	6
ACTGAGACTGCTAG-1	6
ACTGCCACCTGACA-1	6
ACTGGCCTGACTAC-1	6
ACTGTTACTTTCTG-1	6
ACTTAAGATTTACC-1	6
ACTTAGCTATCACG-1	6
ACTTAGCTCCTCAC-1	6
ACTTCAACATGGTC-1	6
ACTTCAACATGTCG-1	6
ACTTCAACCCGCTT-1	6
ACTTGACTGCATAC-1	6
ACTTGACTGGTTAC-1	6
ACTTGGGAAACGGG-1	6
ACTTGTACCATGGT-1	6
ACTTGTACGGAAAT-1	6
ACTTTGTGGGAACG-1	6
AGAACGCTTTCGTT-1	6
AGAATACTGGCATT-1	6
AGAATACTTAGAAG-1	6
AGACACACGCGGAA-1	6
AGACTGACCGTAAC-1	6
AGACTGACGTCACA-1	6
AGACTTCTCGGTAT-1	6
AGACTTCTCTGCAA-1	6
AGAGAAACCCTCCA-1	6
AGAGAATGACAGCT-1	6
AGAGAATGATTGGC-1	6
AGAGAATGCTATGG-1	6
AGAGAATGGACACT-1	6
AGAGATGACTACCC-1	6
AGAGCGGAGCGATT-1	6
AGAGCTACCGAATC-1	6
AGAGGTCTTTGTCT-1	6
AGAGTCTGAGTTCG-1	6
AGAGTCTGGCTCCT-1	6
AGATATTGCAGTTG-1	6
AGATCGTGAACCTG-1	6
AGATCGTGCCAGTA-1	6
AGCAAGCTGTTCAG-1	6
AGCCGGACTCGCAA-1	6
AGCCTCACAGCATC-1	6
AGCGATACCAGATC-1	6
AGCGGCACTTGTCT-1	6
AGCGGCTGGTATGC-1	6
AGCGGGCTACGACT-1	6
AGCGTAACCCTTAT-1	6
AGCTGAACTGGTAC-1	6
AGCTGCCTCCGATA-1	6
AGCTGCCTTCTCGC-1	6
AGCTGTGAGCGTTA-1	6
AGCTTACTAGAGTA-1	6
AGCTTACTCTACCC-1	6
AGGCTAACCTTGAG-1	6
AGGCTAACGGCGAA-1	6
AGGGAGTGATGCCA-1	6
AGGGCCTGGGTTTG-1	6
AGGGCGCTAGTCGT-1	6
AGGGTGGATCTTTG-1	6
AGGGTGGATGCTAG-1	6
AGGGTTTGGTGCAT-1	6
AGGGTTTGTCACCC-1	6
AGGTACACAGGAGC-1	6
AGGTCTGAAAGCCT-1	6
AGGTCTGATGGTTG-1	6
AGGTGGGACTTACT-1	6
AGGTGTTGCACCAA-1	6
AGGTTCGAACTAGC-1	6
AGGTTCGATCTTCA-1	6
AGGTTCGATTTGGG-1	6
AGTAATACTGCTTT-1	6
AGTAGAGACACCAA-1	6
AGTATAACAGTACC-1	6
AGTATAACGAAAGT-1	6
AGTCAGACCGAGAG-1	6
AGTCAGACTCTACT-1	6
AGTCCAGATTCTCA-1	6
AGTCGAACCAGAGG-1	6
AGTCGAACGCCAAT-1	6
AGTCGCCTGAGCTT-1	6
AGTCGCCTGTTCAG-1	6
AGTCGCCTTCAAGC-1	6
AGTCTACTCATTGG-1	6
AGTCTACTGAGGAC-1	6
AGTCTACTGCGTAT-1	6
AGTCTACTGCTTAG-1	6
AGTCTTACTGCTAG-1	6
AGTCTTACTGGAGG-1	6
AGTGAAGAGGATCT-1	6
AGTGACACTTTACC-1	6
AGTGACTGTGTTTC-1	6
AGTGTGACCAGAGG-1	6
AGTTAAACCCCTCA-1	6
AGTTAAACGCGTTA-1	6
AGTTATGAACGACT-1	6
AGTTATGAAGAGGC-1	6
AGTTCTTGGCGAAG-1	6
AGTTGTCTCCTCCA-1	6
AGTTTAGATGGAGG-1	6
AGTTTCACCTGCTC-1	6
AGTTTCACCTTGGA-1	6
AGTTTGCTCTGCTC-1	6
AGTTTGCTGCGATT-1	6
ATAAGTACAGTGCT-1	6
ATAATGACCTCCAC-1	6
ATAATGACTCTTTG-1	6
ATACAATGGGTACT-1	6
ATACACCTCTAAGC-1	6
ATACCACTTGCCCT-1	6
ATACCTACTGTCAG-1	6
ATACCTTGTGCCCT-1	6
ATACTCTGTCCCAC-1	6
ATAGAACTATGTGC-1	6
ATAGATACACGTTG-1	6
ATAGATTGTTGACG-1	6
ATAGCCGAAGCATC-1	6
ATAGCGTGTCAGAC-1	6
ATAGCTCTAAGCAA-1	6
ATAGCTCTGAATGA-1	6
ATAGGAGATGACTG-1	6
ATAGGCTGTGCAGT-1	6
ATATAGTGGAGACG-1	6
ATATGAACCTATTC-1	6
ATCAAATGCATACG-1	6
ATCAACCTCCCACT-1	6
ATCACACTCTGCTC-1	6
ATCATCTGAGGGTG-1	6
ATCATGCTTAGAGA-1	6
ATCGAGTGATCACG-1	6
ATCGAGTGTACAGC-1	6
ATCGCAGATGCCCT-1	6
ATCGCCACATGGTC-1	6
ATCGCGCTGGTCTA-1	6
ATCGTTTGGTTGGT-1	6
ATCGTTTGTCCAAG-1	6
ATCTACACAAAGCA-1	6
ATCTACACACAGCT-1	6
ATCTACACTCTTCA-1	6
ATCTCAACTACGAC-1	6
ATCTGACTTAGCGT-1	6
ATCTGGGAGGAGGT-1	6
ATCTGTTGTGACTG-1	6
ATCTTTCTGCTATG-1	6
ATCTTTCTGGAGTG-1	6
ATGACGTGCATACG-1	6
ATGACGTGGTCTAG-1	6
ATGAGAGACGTACA-1	6
ATGATAACAGAATG-1	6
ATGATAACAGAGTA-1	6
ATGATATGTGTGCA-1	6
ATGCACGAACCGAT-1	6
ATGCACGACCGAAT-1	6
ATGCACGACGTGAT-1	6
ATGCACGAGTAAAG-1	6
ATGCAGTGCACTGA-1	6
ATGCTTTGCTAGTG-1	6
ATGGACACCATTGG-1	6
ATGGGTACAGCGGA-1	6
ATGTAAACCAGTCA-1	6
ATGTAAACGCTGTA-1	6
ATGTCACTTATCGG-1	6
ATGTTCACTGTGAC-1	6
ATGTTGCTCCTCGT-1	6
ATTACCACGTTGTG-1	6
ATTAGATGAGCTCA-1	6
ATTATGGATCCCAC-1	6
ATTCAAGAGGTAAA-1	6
ATTCAGCTATTCTC-1	6
ATTCAGCTGGTAAA-1	6
ATTCGGGAAACCTG-1	6
ATTCTTCTGGGTGA-1	6
ATTGAAACCTCATT-1	6
ATTGAATGGAAACA-1	6
ATTGCACTCAGAAA-1	6
ATTGCTACTTCTAC-1	6
ATTTCCGAGGTACT-1	6
ATTTCGTGAGCTAC-1	6
ATTTCGTGCCGCTT-1	6
ATTTGCACTCTTTG-1	6
CAAACTCTCCTCCA-1	6
CAAATATGTGGTAC-1	6
CAAATTGACTGTTT-1	6
CAACGATGGGTTTG-1	6
CAACGTGACTTCGC-1	6
CAACTTTGAGCTCA-1	6
CAAGACACAGCGTT-1	6
CAAGACTGTCCAGA-1	6
CAAGCATGACACTG-1	6
CAAGGTTGGCTATG-1	6
CAATTCTGTTATCC-1	6
CACAATCTACGGTT-1	6
CACAATCTGTTACG-1	6
CACAATCTGTTGTG-1	6
CACACCTGAAGTGA-1	6
CACAGAACCAGTTG-1	6
CACAGATGCTGGTA-1	6
CACAGATGTAACCG-1	6
CACAGCCTACGTGT-1	6
CACCGTACATCGGT-1	6
CACGAAACATGACC-1	6
CACGACCTATAAGG-1	6
CACGACCTCTTCGC-1	6
CACGATGACGTGAT-1	6
CACGATGATTGTGG-1	6
CACGCTACGAGCTT-1	6
CACGGGACTCCCGT-1	6
CACGGGTGCCTTCG-1	6
CACGGGTGGTATGC-1	6
CACTAACTTGGCAT-1	6
CACTAGGACTTACT-1	6
CACTAGGACTTGAG-1	6
CACTATACTGGATC-1	6
CACTCTCTGGGATG-1	6
CACTGCACGGTGGA-1	6
CACTTATGGCGTTA-1	6
CACTTTGAGGACTT-1	6
CACTTTGAGGTCTA-1	6
CAGACCCTGGTGTT-1	6
CAGACTGAAGAGTA-1	6
CAGATGACACGGAG-1	6
CAGCACCTTGTTCT-1	6
CAGCCTTGCTAGTG-1	6
CAGCGGACCGTCTC-1	6
CAGCGGACTCCGAA-1	6
CAGCTCACACGGAG-1	6
CAGGAACTTCGCCT-1	6
CAGGGCACGAATAG-1	6
CAGGGCACGGATTC-1	6
CAGGTAACTGCTTT-1	6
CAGGTTGACGCCTT-1	6
CAGTCAGACAAGCT-1	6
CAGTGATGTGAGCT-1	6
CAGTGTGACTGCTC-1	6
CAGTGTGATCATTC-1	6
CAGTTGGAGTCCTC-1	6
CAGTTTACCGTGAT-1	6
CAGTTTACGATACC-1	6
CATAAAACCTGTAG-1	6
CATAAATGCTCGAA-1	6
CATACTACCTGTCC-1	6
CATACTTGCCAATG-1	6
CATACTTGCCATGA-1	6
CATCATACCGCAAT-1	6
CATCTCCTCCCGTT-1	6
CATCTCCTGAAACA-1	6
CATGCGCTGTCCTC-1	6
CATGGATGCAGCTA-1	6
CATGTACTACCCAA-1	6
CATGTTTGAGCGGA-1	6
CATGTTTGGAGGTG-1	6
CATTACACAACCGT-1	6
CATTGGGAGCGAAG-1	6
CATTGTACCCGTAA-1	6
CATTGTTGCATGCA-1	6
CATTGTTGTTCACT-1	6
CATTTCGATATTCC-1	6
CATTTGACAGAGAT-1	6
CCAAAGTGAGCCTA-1	6
CCAAAGTGTGCGTA-1	6
CCAACCTGGAGCAG-1	6
CCAAGTGACCACAA-1	6
CCAATTTGCTCGAA-1	6
CCAATTTGGACACT-1	6
CCAATTTGGAGGGT-1	6
CCACGGGAGTTGTG-1	6
CCACTTCTAGGCGA-1	6
CCACTTCTCTGCAA-1	6
CCAGAAACACCGAT-1	6
CCAGAAACATGGTC-1	6
CCAGACCTAGAGGC-1	6
CCAGACCTGAATCC-1	6
CCAGACCTGCTATG-1	6
CCAGATGAAGCACT-1	6
CCAGATGAATTGGC-1	6
CCAGCACTCGTGAT-1	6
CCAGCGGACTCTCG-1	6
CCAGCTACCGTGAT-1	6
CCATATACCGTTAG-1	6
CCATATACTCTAGG-1	6
CCCAAAGAACACAC-1	6
CCCAACTGACCTTT-1	6
CCCAGACTGCCTTC-1	6
CCCGAACTGGCAAG-1	6
CCCGATTGTAGACC-1	6
CCCTGAACCATGCA-1	6
CCCTGAACGGTTAC-1	6
CCGAAAACAATCGC-1	6
CCGACACTACTGGT-1	6
CCGGAGACGTTGAC-1	6
CCGGAGACTCCTTA-1	6
CCGGAGACTGCAAC-1	6
CCGGAGTGCTACCC-1	6
CCGGTACTATTGGC-1	6
CCGGTACTTGGGAG-1	6
CCGTAAGAGAAACA-1	6
CCTAAACTACTACG-1	6
CCTAAGGAATCACG-1	6
CCTAAGGACTCAAG-1	6
CCTGACTGAGAGAT-1	6
CCTGCAACTCTATC-1	6
CCTGCAACTGTCCC-1	6
CCTTAATGCAAAGA-1	6
CCTTAATGGACGAG-1	6
CCTTAATGGGAAAT-1	6
CCTTAATGGGTTTG-1	6
CCTTAATGTTTCGT-1	6
CGACAAACTGGATC-1	6
CGACCACTCGAGAG-1	6
CGACCGGACTGAAC-1	6
CGACCTACCCTGTC-1	6
CGACCTTGGGCAAG-1	6
CGACCTTGGGTATC-1	6
CGACTCTGAAGTGA-1	6
CGACTGCTTGGGAG-1	6
CGAGATTGGATACC-1	6
CGAGATTGGGCATT-1	6
CGAGCCGATCACGA-1	6
CGAGGCACGTTGGT-1	6
CGAGGCTGGCTAAC-1	6
CGAGGCTGTTGGTG-1	6
CGATCAGAGGTACT-1	6
CGCAAATGTATCTC-1	6
CGCAACCTCTCTTA-1	6
CGCAACCTGTATCG-1	6
CGCACGGATCTCAT-1	6
CGCACTTGTTCAGG-1	6
CGCAGGACAGCTCA-1	6
CGCAGGACAGTGTC-1	6
CGCCTAACGTAGGG-1	6
CGCGAGACACTCAG-1	6
CGCGAGACTCACGA-1	6
CGCGGATGCTTCGC-1	6
CGCTACACTGCCAA-1	6
CGCTCATGGCGGAA-1	6
CGGACCGATCGACA-1	6
CGGAGGCTACTCAG-1	6
CGGAGGCTTGCCTC-1	6
CGGATAACTGCTCC-1	6
CGGATATGCGGGAA-1	6
CGGCACGAATCGAC-1	6
CGGCACGATCCAAG-1	6
CGGCACGATCGTAG-1	6
CGGCATCTACGCTA-1	6
CGGCGATGTATGCG-1	6
CGGGACTGACACAC-1	6
CGGGCATGACCGAT-1	6
CGGTCACTTTGCAG-1	6
CGTAACGACCATGA-1	6
CGTAACGACTTAGG-1	6
CGTAACGAGGCATT-1	6
CGTAGCCTTTGCTT-1	6
CGTCGACTTTGAGC-1	6
CGTGTAGAAAGGTA-1	6
CGTGTAGAGTGAGG-1	6
CGTGTAGATCTCTA-1	6
CGTTATACACAGTC-1	6
CGTTATACCCAGTA-1	6
CTAACACTGAGACG-1	6
CTAACACTTGTAGC-1	6
CTAAGGACGTTGTG-1	6
CTAAGGACTTTGCT-1	6
CTAATGCTATGTGC-1	6
CTACAACTATTCGG-1	6
CTACCTCTAGGGTG-1	6
CTACCTCTGAGGTG-1	6
CTACCTCTTGATGC-1	6
CTACGCACGGTAGG-1	6
CTACGGCTCCACAA-1	6
CTACTCCTGTTCTT-1	6
CTAGAGACGGATTC-1	6
CTAGAGACGTCTAG-1	6
CTAGATCTGGATTC-1	6
CTAGGATGGAGGTG-1	6
CTAGGTGAACGCAT-1	6
CTAGTTTGATGTGC-1	6
CTATAAGATGAGGG-1	6
CTATCAACGAATAG-1	6
CTATCAACGGCATT-1	6
CTATCATGCCGAAT-1	6
CTATCATGGAGAGC-1	6
CTATGACTCATGGT-1	6
CTATGTACTTCGGA-1	6
CTATGTTGCACTTT-1	6
CTATTGTGGGTTTG-1	6
CTCAGAGACTGAGT-1	6
CTCAGCTGCGTCTC-1	6
CTCAGCTGGCCATA-1	6
CTCAGGCTCTATGG-1	6
CTCAGGCTTGCACA-1	6
CTCCTACTCTCTAT-1	6
CTCGAAGAAACCTG-1	6
CTCGAAGACTTGAG-1	6
CTCGAAGAGGTGAG-1	6
CTCGCATGCCTTTA-1	6
CTGAACGACAACCA-1	6
CTGAACGATCTCTA-1	6
CTGAATCTGTATGC-1	6
CTGACCACTAGTCG-1	6
CTGAGCCTATGCCA-1	6
CTGATACTCTGAGT-1	6
CTGATTTGTTGCTT-1	6
CTGCAGCTCAAAGA-1	6
CTGCCAACGGTGAG-1	6
CTGCGACTGAGGTG-1	6
CTGGAAACGGACGA-1	6
CTGGATGACTGTTT-1	6
CTGGCACTACCGAT-1	6
CTTAAAGATCGATG-1	6
CTTAACACTTACTC-1	6
CTTACATGTTGAGC-1	6
CTTACTGACCCACT-1	6
CTTCATGATGCTGA-1	6
CTTGAGGAAAGCCT-1	6
CTTGTATGTTACTC-1	6
CTTTACGAGGTTAC-1	6
CTTTGATGATTCTC-1	6
CTTTGATGCCACAA-1	6
CTTTGATGTTCTAC-1	6
GAAAGTGACGACTA-1	6
GAAAGTGAGGTACT-1	6
GAAAGTGATGACCA-1	6
GAAATACTACCATG-1	6
GAACACACATCGTG-1	6
GAACACACCCCAAA-1	6
GAACACACTACTTC-1	6
GAACAGCTAACCTG-1	6
GAACCAACTGAACC-1	6
GAACCTGACATGGT-1	6
GAACGGGAAAGGTA-1	6
GAACGGGAGAACCT-1	6
GAACGGGATGGAAA-1	6
GAACGTTGAGGAGC-1	6
GAACGTTGGACAAA-1	6
GAAGAATGATCAGC-1	6
GAAGGGTGAGGCGA-1	6
GAAGTAGACGTGTA-1	6
GAAGTCACATCACG-1	6
GAAGTGCTTGTTCT-1	6
GACAACACAAGAAC-1	6
GACAACACAAGCCT-1	6
GACAACTGCTCAAG-1	6
GACACTGACGTTAG-1	6
GACAGGGAACAGTC-1	6
GACAGGGATAAGCC-1	6
GACAGTTGGAACTC-1	6
GACAGTTGTGCCCT-1	6
GACCTAGAACTGGT-1	6
GACCTCTGTGCTCC-1	6
GACGAGGACACTGA-1	6
GACGCCGAGTAGCT-1	6
GACGCTCTAGTGCT-1	6
GACGTCCTACTGTG-1	6
GACTACGATGACAC-1	6
GACTGATGTGCTAG-1	6
GACTGTGATGCGTA-1	6
GACTTTACCTCAAG-1	6
GAGAAATGAAAGTG-1	6
GAGAAATGAAGGCG-1	6
GAGAAATGGTTTGG-1	6
GAGATAGAATTGGC-1	6
GAGATAGATATGCG-1	6
GAGCATACCCCGTT-1	6
GAGCGAGACTATTC-1	6
GAGCGCACGTGTAC-1	6
GAGCGCACTCGATG-1	6
GAGCGGCTGACAGG-1	6
GAGCTCCTTCGATG-1	6
GAGGGATGCCGTAA-1	6
GAGGGTGAATTTCC-1	6
GAGGTACTCGTTGA-1	6
GAGTACACTCTTTG-1	6
GAGTGACTCCGCTT-1	6
GAGTGGGATCAAGC-1	6
GAGTGTTGTGCCCT-1	6
GATAGAGAATTTCC-1	6
GATAGAGACGAGAG-1	6
GATAGCACTGTGAC-1	6
GATATAACCTGGAT-1	6
GATATCCTATCACG-1	6
GATATCCTTTGGCA-1	6
GATCCCTGCTTTAC-1	6
GATCGAACAGTCAC-1	6
GATCGAACCGACAT-1	6
GATCGAACTTTGTC-1	6
GATCGTGAAAGCCT-1	6
GATGCAACTTCACT-1	6
GATTCGGACCCTAC-1	6
GATTCGGACGTTAG-1	6
GATTCGGAGACGGA-1	6
GATTCTTGAGCTCA-1	6
GATTGGTGATAAGG-1	6
GATTGGTGGACACT-1	6
GATTGGTGTTCCCG-1	6
GATTTAGAAAGCAA-1	6
GATTTGCTATCTTC-1	6
GATTTGCTGGCGAA-1	6
GCAAACTGGAATAG-1	6
GCAAACTGTCTCTA-1	6
GCAACCCTTAAAGG-1	6
GCAAGACTCGTACA-1	6
GCAAGACTGTATCG-1	6
GCAATTCTTGGGAG-1	6
GCACAAACTGACCA-1	6
GCACACCTGTCTAG-1	6
GCACACCTTCTCCG-1	6
GCACGGACATCAGC-1	6
GCACGGTGACGGTT-1	6
GCACGTCTTTGACG-1	6
GCACTGCTTCGATG-1	6
GCAGATACTGGATC-1	6
GCAGCGTGCTGTAG-1	6
GCAGGCACGACGAG-1	6
GCAGGCACGAGCAG-1	6
GCAGTTGATGGATC-1	6
GCATGTGACAAAGA-1	6
GCATTGGACCTTGC-1	6
GCCACGGACGAGAG-1	6
GCCATCACCTACTT-1	6
GCCCAACTGGGTGA-1	6
GCCGACGACGGAGA-1	6
GCCGACGAGTACAC-1	6
GCCGGAACAGCATC-1	6
GCCGGAACGTCTTT-1	6
GCCTACACCGAACT-1	6
GCCTACACGCTGTA-1	6
GCCTCAACTGAGCT-1	6
GCCTCATGTTCAGG-1	6
GCCTGACTATGTCG-1	6
GCCTGACTCCTTTA-1	6
GCCTGACTGGTTTG-1	6
GCGAGCACCATTTC-1	6
GCGAGCACTGCCCT-1	6
GCGGACTGGAATAG-1	6
GCGGAGCTAAAACG-1	6
GCGGCAACGTCATG-1	6
GCGTAATGACACCA-1	6
GCGTAATGCACTAG-1	6
GCGTACCTCGCATA-1	6
GCTACCTGGCTCCT-1	6
GCTACGCTTTCGGA-1	6
GCTCAAGAACCGAT-1	6
GCTCAAGACTATTC-1	6
GCTCACTGCGGTAT-1	6
GCTCAGCTATGTGC-1	6
GCTCCATGGACACT-1	6
GCTGATGACTACGA-1	6
GGAACACTCAGAAA-1	6
GGAACTACAGACTC-1	6
GGAACTACATTCCT-1	6
GGAACTTGCTTGTT-1	6
GGAATCTGCCCTTG-1	6
GGAATCTGGTTGAC-1	6
GGAATGCTTGAGGG-1	6
GGAATGCTTGCAGT-1	6
GGACCCGAGCTAAC-1	6
GGACGAGATGGTGT-1	6
GGAGACGATCAGAC-1	6
GGAGAGACAGTCAC-1	6
GGAGGATGCTATGG-1	6
GGAGGATGTGCCTC-1	6
GGAGGTGAAACTGC-1	6
GGAGGTGAGTACCA-1	6
GGAGTTTGCCTATT-1	6
GGATAGCTGAAAGT-1	6
GGATAGCTTACTGG-1	6
GGATGTACATCGTG-1	6
GGATGTACCCTTTA-1	6
GGATGTTGGCAAGG-1	6
GGCCGATGCATGGT-1	6
GGCGACACCAGTTG-1	6
GGCGACACCTGTAG-1	6
GGCGACACGTTTCT-1	6
GGCGACACTCCGTC-1	6
GGCGCATGATGGTC-1	6
GGCGCATGGGACAG-1	6
GGCTAAACTAGACC-1	6
GGCTACCTCTGGAT-1	6
GGGAAGTGAACAGA-1	6
GGGAAGTGGTTCAG-1	6
GGGACCTGGTCTAG-1	6
GGGCAGCTGTAAGA-1	6
GGGCAGCTGTAGCT-1	6
GGGCAGCTTTGACG-1	6
GGTACAACTTGACG-1	6
GGTACATGTAGAGA-1	6
GGTAGTACTTAGGC-1	6
GGTATCGAAAGGTA-1	6
GGTATCGAGCAGAG-1	6
GGTATCGATTCAGG-1	6
GGTCTAGATGCTTT-1	6
GGTGGAGAGGTACT-1	6
GGTTGAACTCGTGA-1	6
GGTTTACTATAAGG-1	6
GTAAGCACTGATGC-1	6
GTAATAACCGAGAG-1	6
GTACGTGAATCGAC-1	6
GTAGACTGGTATGC-1	6
GTAGCAACATGCTG-1	6
GTAGCATGCGATAC-1	6
GTAGCATGTCTATC-1	6
GTAGCTGAGAATGA-1	6
GTAGTCGAAGGTTC-1	6
GTATCACTGTTACG-1	6
GTATCACTTCCTTA-1	6
GTATCTACAGCATC-1	6
GTATGGTGTAAGGA-1	6
GTCAACGACTTCCG-1	6
GTCAACGATACTCT-1	6
GTCACAGAACGTTG-1	6
GTCATACTTCGTTT-1	6
GTCCCATGTGCTCC-1	6
GTCGACCTTGAGAA-1	6
GTCTAACTAGGTTC-1	6
GTGATGACCCGTTC-1	6
GTGATTCTACCTAG-1	6
GTGCAAACGATGAA-1	6
GTGCAAACGCTATG-1	6
GTGCCACTCTTATC-1	6
GTGCTAGAGGATCT-1	6
GTGGAGGAGAGGCA-1	6
GTGGTAACCAGGAG-1	6
GTTACGGAACTCAG-1	6
GTTACGGATCTCTA-1	6
GTTAGTCTGATAAG-1	6
GTTAGTCTGTTCGA-1	6
GTTATAGAACGACT-1	6
GTTCAACTGTCTTT-1	6
GTTCAGGATAGAGA-1	6
GTTGACGATGCGTA-1	6
GTTGATCTGACTAC-1	6
TAAAGACTAGCACT-1	6
TAAAGACTGAACTC-1	6
TAAAGTTGTTTACC-1	6
TAAATGTGTCCTAT-1	6
TAACACCTTGGGAG-1	6
TAACATGAGGAAGC-1	6
TAACATGAGTTCGA-1	6
TAACTAGATACGAC-1	6
TAACTCACTGTAGC-1	6
TAAGCTCTCATTCT-1	6
TAAGTAACCTTAGG-1	6
TAAGTCCTTCTCTA-1	6
TAATGAACTGTCGA-1	6
TAATGATGGTAAGA-1	6
TACAAATGTGTGCA-1	6
TACAATGAGCAGAG-1	6
TACACACTGATAAG-1	6
TACATAGACTTATC-1	6
TACATCACTGGTAC-1	6
TACCATTGACTGGT-1	6
TACCGAGAGTCGAT-1	6
TACCGGCTCCTTGC-1	6
TACGAGACTCGCCT-1	6
TACGAGTGACACTG-1	6
TACGCAGACATTCT-1	6
TACGCAGAGATAGA-1	6
TACGCAGAGCATCA-1	6
TACGCCACTTTGGG-1	6
TACGCGCTGCGAGA-1	6
TACTCAACTCCTCG-1	6
TACTCTGAATACCG-1	6
TACTGGGAATCGAC-1	6
TACTGTTGCACTGA-1	6
TACTTTCTCCAACA-1	6
TAGAAACTATCTTC-1	6
TAGAATTGTGTGGT-1	6
TAGATCCTTGTCAG-1	6
TAGATTGATACTCT-1	6
TAGATTGATCTAGG-1	6
TAGCCCTGAGTACC-1	6
TAGCCCTGCATTGG-1	6
TAGCCGCTTCCTTA-1	6
TAGCGATGCGTCTC-1	6
TAGCTACTCCAAGT-1	6
TAGGCTGAAGCGGA-1	6
TAGGTGTGTGCTTT-1	6
TAGGTTCTTTGCGA-1	6
TAGTAAACGCAAGG-1	6
TAGTATGATGGTAC-1	6
TAGTCACTCATGAC-1	6
TAGTCACTCTACTT-1	6
TAGTCACTTAGCCA-1	6
TAGTTAGATTCTTG-1	6
TAGTTGCTCCAATG-1	6
TATAGATGCCACAA-1	6
TATCACTGTAACGC-1	6
TATCAGCTAACGTC-1	6
TATCCTGAGTTCGA-1	6
TATCGACTGATGAA-1	6
TATCTCGAACTTTC-1	6
TATCTCGATCAGAC-1	6
TATCTTCTAGACTC-1	6
TATCTTCTTGATGC-1	6
TATGCGGACCTAAG-1	6
TATGCGGAGACAAA-1	6
TATGCGGATAGAGA-1	6
TATGGGTGAACGGG-1	6
TATGTCACTATTCC-1	6
TATGTGCTCCTACC-1	6
TATTGCTGGTACAC-1	6
TATTGCTGTTCTGT-1	6
TCAAGGTGAAGTAG-1	6
TCAAGTCTCAATCG-1	6
TCAATAGATGCTAG-1	6
TCAATCACGGTAGG-1	6
TCACCTCTGCTCCT-1	6
TCAGAGACAGCTAC-1	6
TCAGCGCTCCCTAC-1	6
TCAGCGCTCTGCAA-1	6
TCAGCGCTTAGAGA-1	6
TCAGTACTTTCTTG-1	6
TCATCAACACACCA-1	6
TCATCATGCGCTAA-1	6
TCATTCGATCTCAT-1	6
TCATTGACGCAGTT-1	6
TCCACTCTTGGATC-1	6
TCCACTCTTTTACC-1	6
TCCAGAGAGCAGAG-1	6
TCCAGAGATTTACC-1	6
TCCATCCTAACTGC-1	6
TCCCAGACCCTCAC-1	6
TCCCATCTATCGGT-1	6
TCCCATCTCCTGAA-1	6
TCCCATCTGGAAAT-1	6
TCCGAGCTATAAGG-1	6
TCCGGACTGGAACG-1	6
TCCGGACTTGCTTT-1	6
TCCTAAACCTGCTC-1	6
TCCTATGAAGCCAT-1	6
TCGAGAACGTGCAT-1	6
TCGAGAACGTTTCT-1	6
TCGAGCCTCCAGTA-1	6
TCGATACTACACTG-1	6
TCGCAAGAGATACC-1	6
TCGCAAGATTTCTG-1	6
TCGCAGCTACGACT-1	6
TCGCCATGGACAGG-1	6
TCGTTATGCGTTGA-1	6
TCTAACACAGTGTC-1	6
TCTAACACGCAGTT-1	6
TCTAAGCTGGTACT-1	6
TCTAAGCTTACTCT-1	6
TCTACAACACCAGT-1	6
TCTATGTGGTAGGG-1	6
TCTTCAGACATCAG-1	6
TCTTCAGACCGTTC-1	6
TCTTCAGATTCATC-1	6
TCTTGATGCCCTTG-1	6
TGAAATTGAGGAGC-1	6
TGAACCGACCAATG-1	6
TGAAGCACAGGGTG-1	6
TGAAGCTGACACAC-1	6
TGAAGCTGGAGATA-1	6
TGACACGATGGGAG-1	6
TGACCAGACCGATA-1	6
TGACCGCTTCACCC-1	6
TGACTGGACCGTTC-1	6
TGACTGGAGCGGAA-1	6
TGACTTACTAGCCA-1	6
TGACTTTGCCATAG-1	6
TGACTTTGCCTGTC-1	6
TGAGACACGAGCAG-1	6
TGAGCTGAGAGGCA-1	6
TGAGCTGATTGGTG-1	6
TGAGTGACCCGCTT-1	6
TGAGTGACCGAATC-1	6
TGATAAACTCATTC-1	6
TGATCACTGGATTC-1	6
TGATTAGAAGGAGC-1	6
TGATTCACGGCGAA-1	6
TGATTCACTCGTAG-1	6
TGATTCTGTAGTCG-1	6
TGCAATCTTAGTCG-1	6
TGCACAGAATGTCG-1	6
TGCAGATGTCGTTT-1	6
TGCCACTGTCAAGC-1	6
TGCCACTGTTAGGC-1	6
TGCCAGCTGTTGCA-1	6
TGCGATGAGATAGA-1	6
TGCTAGGAGGACTT-1	6
TGGAAAGAGACGAG-1	6
TGGAACACACTAGC-1	6
TGGAACACGTGAGG-1	6
TGGAACTGAGAATG-1	6
TGGAGGGATCGTAG-1	6
TGGATGACCTCCAC-1	6
TGGATGACGACGGA-1	6
TGGATGTGGGGCAA-1	6
TGGATTCTCGCAAT-1	6
TGGCACCTTAGTCG-1	6
TGGTACGAGTTGGT-1	6
TGGTAGTGACCATG-1	6
TGGTCAGATAACGC-1	6
TGGTTACTCAACTG-1	6
TGGTTACTGTCTGA-1	6
TGTAACCTTAGAGA-1	6
TGTACTTGTTCTGT-1	6
TGTAGGTGGTTCAG-1	6
TGTAGTCTACGGAG-1	6
TGTATCTGAAGGGC-1	6
TGTATGCTTACTTC-1	6
TGTGACGACGCCTT-1	6
TGTGACGAGTGTTG-1	6
TGTGATCTTCTAGG-1	6
TGTGGATGGTGAGG-1	6
TGTTACTGAGCTAC-1	6
TTACACACGCAGAG-1	6
TTACCATGGACGGA-1	6
TTAGACCTCTGTGA-1	6
TTAGACCTTCAGGT-1	6
TTAGACCTTCGTGA-1	6
TTAGCTACTCGCCT-1	6
TTATCCGAGTAGGG-1	6
TTATGAGAGACTAC-1	6
TTATGAGAGTAAGA-1	6
TTCAAGCTCACTGA-1	6
TTCAGACTCGTGTA-1	6
TTCAGTTGGTAGCT-1	6
TTCATTCTCCAATG-1	6
TTCCATGAACCATG-1	6
TTCCTAGACCCTTG-1	6
TTCCTAGATTCAGG-1	6
TTCGAGGACTGTCC-1	6
TTCGTATGCTCTTA-1	6
TTCGTATGGAGCTT-1	6
TTCGTATGTTTGCT-1	6
TTCTGATGACCCAA-1	6
TTCTGATGAGCCAT-1	6
TTCTGATGTAACGC-1	6
TTGAACCTTGGATC-1	6
TTGAATGAGGTAGG-1	6
TTGATCTGAAACGA-1	6
TTGCATTGACTTTC-1	6
TTGCATTGCTGAAC-1	6
TTGCTAACCGTCTC-1	6
TTGGAGACACACCA-1	6
TTGGAGACTTGGCA-1	6
TTGGGAACTATGGC-1	6
TTGTACACGTTGAC-1	6
TTTAGAGAAACGGG-1	6
TTTAGAGACATACG-1	6
TTTAGAGAGCTATG-1	6
TTTCACGAACCTCC-1	6
TTTCGAACGAATCC-1	6
TTTGACTGAACTGC-1	6
TTTGACTGCCAACA-1	6
