AAACGCACCTGAAC-1	4
AAAGCAGACCGATA-1	4
AAAGCCTGAAACGA-1	4
AAAGGCCTTTGTGG-1	4
AAATCATGTTCTAC-1	4
AAATCCCTTAGCGT-1	4
AAATCCCTTTGCTT-1	4
AAATCTGAAGTCGT-1	4
AAATCTGACGAACT-1	4
AAATCTGACGCTAA-1	4
AAATGTTGATTGGC-1	4
AAATTCGACGAATC-1	4
AAATTGACCGATAC-1	4
AACACGTGTTCCCG-1	4
AACACTCTCATTTC-1	4
AACAGCACGGCAAG-1	4
AACAGCACTCGCAA-1	4
AACATATGCTTCGC-1	4
AACATATGGTGCAT-1	4
AACATTGAAACGGG-1	4
AACCACGATAACGC-1	4
AACCTACTTCTTCA-1	4
AACCTTACGTAGCT-1	4
AACGCAACCATACG-1	4
AACGGTTGAAGTAG-1	4
AACGTTCTTGTTTC-1	4
AACTACCTACGTGT-1	4
AACTCACTCTGTCC-1	4
AACTCACTTAACCG-1	4
AACTCGGAGGTGTT-1	4
AACTTGCTCACACA-1	4
AAGAAGACGGGTGA-1	4
AAGAAGACTTATCC-1	4
AAGACAGAAAAGCA-1	4
AAGCACTGCTCAGA-1	4
AAGCACTGTTTCGT-1	4
AAGCCAACGGTTTG-1	4
AAGCCTGATGGCAT-1	4
AAGCGTACCGTACA-1	4
AAGGCTTGCCGATA-1	4
AAGGTCTGGCCTTC-1	4
AAGTAACTCTTTAC-1	4
AAGTAACTGGACTT-1	4
AAGTAACTGTTAGC-1	4
AAGTAGGAAAAAGC-1	4
AAGTCCGACCTTAT-1	4
AAGTCCGATATGGC-1	4
AAGTCTCTTTATCC-1	4
AAGTGCACTACGCA-1	4
AATACTGAACCACA-1	4
AATACTGATCCCGT-1	4
AATAGGGATACGAC-1	4
AATATCGACACTCC-1	4
AATATCGAGCTGAT-1	4
AATCAAACTTCGTT-1	4
AATCCGGAGCGAGA-1	4
AATCCTACGGAAGC-1	4
AATCCTTGGGTTAC-1	4
AATCGGTGCGGGAA-1	4
AATCTAGATTAGGC-1	4
AATGAGGACTCAAG-1	4
AATGTAACAGAGAT-1	4
AATGTAACGTTGAC-1	4
AATTCCTGATTCCT-1	4
AATTCCTGCTAGAC-1	4
AATTCCTGCTTGGA-1	4
AATTGATGGACAAA-1	4
AATTGATGGTCGAT-1	4
AATTGATGTGTGGT-1	4
AATTGTGACGTACA-1	4
ACAAAGGATGGTCA-1	4
ACAACCGAAAGAAC-1	4
ACAAGCACGTACGT-1	4
ACAATTGATGGTAC-1	4
ACACCAGAGAGCAG-1	4
ACACCCTGAAGTGA-1	4
ACACGATGATCGAC-1	4
ACACGATGGGATCT-1	4
ACACGATGTCTCAT-1	4
ACAGGTACAAGGCG-1	4
ACATGGTGAGTACC-1	4
ACATGGTGGGGTGA-1	4
ACATGGTGTATCGG-1	4
ACATTCTGCTCCCA-1	4
ACCAACGATCACCC-1	4
ACCACCTGAGTACC-1	4
ACCAGCCTTTATCC-1	4
ACCAGTGAACCTTT-1	4
ACCCTCGAACGTGT-1	4
ACCGCGGAATGTCG-1	4
ACCTATTGCACACA-1	4
ACCTCCGACTTCCG-1	4
ACCTCCGATGACAC-1	4
ACCTGGCTACCTTT-1	4
ACCTGGCTAGCCAT-1	4
ACGAACACTTTACC-1	4
ACGAACTGGGTACT-1	4
ACGAAGCTAGTCAC-1	4
ACGAAGCTCATTGG-1	4
ACGAAGCTCCTTTA-1	4
ACGACAACCCTGAA-1	4
ACGAGGGAATGGTC-1	4
ACGAGGGAGTCCTC-1	4
ACGAGTACTGAGCT-1	4
ACGAGTACTGGTTG-1	4
ACGATCGATGACAC-1	4
ACGATGACCTCGCT-1	4
ACGATGACGGACGA-1	4
ACGATTCTCTATGG-1	4
ACGCCACTCCTTAT-1	4
ACGCCTTGACTGTG-1	4
ACGGAGGAAACGAA-1	4
ACGGAGGAGTACAC-1	4
ACGGCGTGAGAATG-1	4
ACGGTAACACTGTG-1	4
ACGGTAACCTCTAT-1	4
ACGTTACTAGTTCG-1	4
ACGTTACTTTCCAT-1	4
ACTAAAACAGTTCG-1	4
ACTAGGTGGTAGCT-1	4
ACTCAGGAGATGAA-1	4
ACTCCCGAGTGCAT-1	4
ACTCCCGATTGACG-1	4
ACTCCTCTTCTATC-1	4
ACTCGCACGTTACG-1	4
ACTCTATGAACGGG-1	4
ACTGCCACCTTACT-1	4
ACTGCCTGTTCGTT-1	4
ACTGTTACTCGTTT-1	4
ACTTAGCTACCTGA-1	4
ACTTCCCTCTTGAG-1	4
ACTTGACTACGTGT-1	4
AGAAAGTGGGAGTG-1	4
AGAACAGATCGCTC-1	4
AGAACGCTGTTTCT-1	4
AGAAGATGCCTCAC-1	4
AGAAGATGTTTGCT-1	4
AGAATGGAGAGGGT-1	4
AGACACTGATTTCC-1	4
AGACTCGAATTTCC-1	4
AGACTGACTTTACC-1	4
AGACTTCTGGAGCA-1	4
AGAGCGGAAGAGAT-1	4
AGAGTCTGAACGGG-1	4
AGATATTGCAATCG-1	4
AGATCTCTCTTACT-1	4
AGATCTCTTACGAC-1	4
AGATTAACGTTGGT-1	4
AGCAAAGAATCGAC-1	4
AGCAAAGACGCTAA-1	4
AGCAACACCCGAAT-1	4
AGCAACACTGCTTT-1	4
AGCCAATGGCCAAT-1	4
AGCCGTCTACTCAG-1	4
AGCCTCTGAAGTAG-1	4
AGCGAACTCTGAGT-1	4
AGCGCCGAAACCAC-1	4
AGCGCTCTACTACG-1	4
AGCGGCACTTGGTG-1	4
AGCGTAACACGTTG-1	4
AGCGTAACGGAACG-1	4
AGCTCGCTAAGTAG-1	4
AGCTGAACCGAACT-1	4
AGCTGCCTAACCAC-1	4
AGCTGCCTTTCAGG-1	4
AGCTGTGAGCGGAA-1	4
AGCTGTGATGTGAC-1	4
AGCTTTACCAATCG-1	4
AGGAACCTTCGTTT-1	4
AGGAACCTTCTAGG-1	4
AGGACTTGCCAGTA-1	4
AGGCAGGAGCTGAT-1	4
AGGCCTCTTTCAGG-1	4
AGGGACGAAGTCGT-1	4
AGGGAGTGAGATCC-1	4
AGGGAGTGCATTCT-1	4
AGGGCCTGCTGGTA-1	4
AGGGCCTGTCATTC-1	4
AGGGCGCTACTACG-1	4
AGGGCGCTCCTACC-1	4
AGGGCGCTTGTGAC-1	4
AGGGCGCTTTTGGG-1	4
AGGGTGGAACCTGA-1	4
AGGTACACGCAGTT-1	4
AGGTCATGGTAAGA-1	4
AGGTCTGAAACTGC-1	4
AGGTGGGATGTTTC-1	4
AGGTGTTGTCCGTC-1	4
AGGTGTTGTCTATC-1	4
AGGTTCGAGGTACT-1	4
AGTAAGGATTGAGC-1	4
AGTAATACAGCAAA-1	4
AGTAATTGACACTG-1	4
AGTACGTGACTCAG-1	4
AGTACGTGATCTTC-1	4
AGTACTCTTCTCTA-1	4
AGTCAGACTTACTC-1	4
AGTCGCCTGGTACT-1	4
AGTCGCCTTGCCTC-1	4
AGTCTTACAGAATG-1	4
AGTGAAGAAAGGGC-1	4
AGTGACACGGACGA-1	4
AGTGACTGGAACTC-1	4
AGTGACTGTGAAGA-1	4
AGTGCAACACGTAC-1	4
AGTTATGACTACGA-1	4
AGTTCTTGTTCGTT-1	4
AGTTTAGAGACACT-1	4
AGTTTAGATCGCTC-1	4
ATAACAACACCACA-1	4
ATAACAACATCTCT-1	4
ATAAGTTGAAGGTA-1	4
ATAAGTTGAGTCTG-1	4
ATAATGACGACAAA-1	4
ATACAATGTTGGTG-1	4
ATACCACTGTACAC-1	4
ATACCTACCCTCAC-1	4
ATACGGACACCATG-1	4
ATAGATTGAGTCTG-1	4
ATAGCGTGTTCTCA-1	4
ATAGCTCTACGCTA-1	4
ATATGAACCCAATG-1	4
ATATGCCTCAATCG-1	4
ATCAAATGCTGTTT-1	4
ATCACTACCGATAC-1	4
ATCACTACTTTACC-1	4
ATCACTTGGCGGAA-1	4
ATCAGGTGGTACCA-1	4
ATCCATACCGGTAT-1	4
ATCCTAACATCGAC-1	4
ATCGACGAAGGGTG-1	4
ATCGACGAGGTGAG-1	4
ATCGACGAGTTGCA-1	4
ATCGCGCTGTAAAG-1	4
ATCTACACGACTAC-1	4
ATCTACACGTAAAG-1	4
ATCTACTGGCCTTC-1	4
ATCTACTGTACAGC-1	4
ATCTCAACACGACT-1	4
ATCTCAACGTAAGA-1	4
ATCTGGGATATGGC-1	4
ATCTGGGATTTCAC-1	4
ATCTGTTGTGGCAT-1	4
ATCTTTCTTAACCG-1	4
ATGAAGGACTAGAC-1	4
ATGACGTGGGGCAA-1	4
ATGACGTGGTTCTT-1	4
ATGATAACTTTCTG-1	4
ATGCAGTGAGTACC-1	4
ATGCGCCTGTTCGA-1	4
ATGCTTTGAGCTAC-1	4
ATGGACACCAATCG-1	4
ATGGTGACGTGTCA-1	4
ATGTTAGAGGGTGA-1	4
ATGTTAGATATCTC-1	4
ATGTTCACCACCAA-1	4
ATGTTGCTCACCAA-1	4
ATTAACGACCTCAC-1	4
ATTAAGACGGTGGA-1	4
ATTACCACTTCTAC-1	4
ATTACCTGAGATGA-1	4
ATTCCAACAGGCGA-1	4
ATTCCAACTAACCG-1	4
ATTCCATGACACCA-1	4
ATTCGACTACCGAT-1	4
ATTGAATGCTGGTA-1	4
ATTGATGACCTAAG-1	4
ATTGCACTGTTACG-1	4
ATTGCACTTCATTC-1	4
ATTGCGGAGTTGGT-1	4
ATTGGGTGTGGCAT-1	4
ATTGGTCTGGTAAA-1	4
ATTGTAGAAAGTAG-1	4
ATTGTAGACTCATT-1	4
ATTGTAGAGTTCTT-1	4
ATTTAGGAGGAGTG-1	4
ATTTCCGACACCAA-1	4
ATTTCCGAGGGATG-1	4
ATTTCTCTAGTGCT-1	4
CAAATATGGTGTTG-1	4
CAACAGACGTATCG-1	4
CAACAGACTTACCT-1	4
CAACAGACTTTCAC-1	4
CAACCAGATTCTTG-1	4
CAACTTTGCAATCG-1	4
CAAGACTGCGACTA-1	4
CAAGCATGTTCTAC-1	4
CAAGCTGACTTGGA-1	4
CAAGCTGATCAGGT-1	4
CAAGGTTGTGAGAA-1	4
CAAGTCGACCAAGT-1	4
CAAGTTCTCCACCT-1	4
CAAGTTCTCTCTAT-1	4
CAATCTACATGACC-1	4
CAATGGACCTAGCA-1	4
CAATTCTGACTACG-1	4
CACAATCTTTTGCT-1	4
CACACCTGAAGGTA-1	4
CACACCTGTTAGGC-1	4
CACCGGGAAGTCAC-1	4
CACCGTTGATGACC-1	4
CACCGTTGCGTAGT-1	4
CACGACCTCACTTT-1	4
CACGACCTTGCAGT-1	4
CACGATGAGGGAGT-1	4
CACGATGATGGGAG-1	4
CACTAACTAGGCGA-1	4
CACTAACTCAGAAA-1	4
CACTAACTCCTGTC-1	4
CACTAACTCTGACA-1	4
CACTAACTTCCTTA-1	4
CACTATACGGTTAC-1	4
CACTCTCTTTGACG-1	4
CACTGCACTGTCTT-1	4
CACTGCTGAGTCTG-1	4
CACTGCTGGTTTCT-1	4
CACTGCTGTGTCCC-1	4
CACTTAACGGTGTT-1	4
CAGACATGAGCCAT-1	4
CAGACATGGTTCAG-1	4
CAGACCCTCTAGAC-1	4
CAGACTGACATTTC-1	4
CAGATCGAAGAGGC-1	4
CAGATCGACAGAGG-1	4
CAGCAATGGGTAAA-1	4
CAGCAATGTCCTAT-1	4
CAGCATGACGCTAA-1	4
CAGCCTACACGGAG-1	4
CAGCCTACAGAACA-1	4
CAGCGGACCAAAGA-1	4
CAGCGGACTCGATG-1	4
CAGCGTCTTTCCCG-1	4
CAGCTAGAGGGACA-1	4
CAGCTCTGCTCTCG-1	4
CAGGGCACTTCGCC-1	4
CAGGTAACGACGAG-1	4
CAGTGATGACAGCT-1	4
CAGTGTGACATACG-1	4
CAGTGTGACTGCAA-1	4
CAGTGTGAGTACCA-1	4
CAGTGTGATACTCT-1	4
CAGTTACTGACGTT-1	4
CAGTTGGACTTGGA-1	4
CAGTTGGATGGCAT-1	4
CATAAAACTTGGCA-1	4
CATAAATGGAGAGC-1	4
CATAGTCTCTTCGC-1	4
CATCATACAGATCC-1	4
CATCATACATTCCT-1	4
CATGAGACCCGTAA-1	4
CATGCCACGGCATT-1	4
CATGGCCTGACGAG-1	4
CATGTACTTGCAAC-1	4
CATTGGGACTTATC-1	4
CATTGGGAGAATCC-1	4
CATTGTACCCTTGC-1	4
CATTGTACTTGGTG-1	4
CATTGTTGACACAC-1	4
CATTGTTGACACCA-1	4
CCAAAGTGTCCTAT-1	4
CCAAGATGGAATCC-1	4
CCAAGATGGTCCTC-1	4
CCAAGTGAGTTGGT-1	4
CCAATGGAACTTTC-1	4
CCAATTTGGCGATT-1	4
CCACCTGATTTACC-1	4
CCACTTCTTAGTCG-1	4
CCACTTCTTGGTGT-1	4
CCAGAAACATGACC-1	4
CCAGACCTAAACAG-1	4
CCAGACCTTCTCTA-1	4
CCAGATGACCAAGT-1	4
CCAGATGATCGCTC-1	4
CCAGTGCTTTTCGT-1	4
CCATAGGAAATCGC-1	4
CCATAGGAACCAGT-1	4
CCATATACTTTACC-1	4
CCATCGTGTCTTTG-1	4
CCATGCTGAGAACA-1	4
CCATGCTGGCTTAG-1	4
CCCAACTGGTTGAC-1	4
CCCAACTGTAAGCC-1	4
CCCAGACTCTTCGC-1	4
CCCGATTGCACAAC-1	4
CCCGGAGAATTCGG-1	4
CCCTAGTGACCGAT-1	4
CCCTGATGAACCAC-1	4
CCCTGATGAGTCAC-1	4
CCGACTACCTTCGC-1	4
CCGACTACGGACAG-1	4
CCGACTACTCCTGC-1	4
CCGACTACTCGACA-1	4
CCGGAGACGTATGC-1	4
CCGGAGTGTGAAGA-1	4
CCGGTACTCGAATC-1	4
CCGTAAGAACAGCT-1	4
CCGTAAGATTGCGA-1	4
CCTAAACTCATTCT-1	4
CCTAAGGACAATCG-1	4
CCTAAGGATGCTCC-1	4
CCTACCGATAGCGT-1	4
CCTAGAGACAGCTA-1	4
CCTAGAGAGTATGC-1	4
CCTATAACGGAGCA-1	4
CCTATAACTGCAGT-1	4
CCTCTACTATAAGG-1	4
CCTGGACTACCAGT-1	4
CCTTCACTACCAAC-1	4
CGAACATGCTGAGT-1	4
CGAACATGTAAGGA-1	4
CGAAGTACCTAGCA-1	4
CGAGAACTGGAGTG-1	4
CGAGATTGGCATCA-1	4
CGAGCGTGGCTAAC-1	4
CGAGGGCTATTCCT-1	4
CGATCAGACCAGTA-1	4
CGATCAGAGCCATA-1	4
CGATCCACTAACCG-1	4
CGCACGGACCAACA-1	4
CGCACTTGGCAAGG-1	4
CGCAGGTGCCTTAT-1	4
CGCCATACATCACG-1	4
CGCCGAGATTCCAT-1	4
CGCGGATGTGGTGT-1	4
CGCTAAGAGCTGAT-1	4
CGCTACACAAGTAG-1	4
CGCTCATGCTCTTA-1	4
CGGCACGATAACGC-1	4
CGGTACCTCCGAAT-1	4
CGGTCACTGACAAA-1	4
CGGTCACTTTTGGG-1	4
CGTAACGACAGAAA-1	4
CGTAACGAGTTAGC-1	4
CGTACCTGGTTGGT-1	4
CGTAGCCTACTTTC-1	4
CGTCCAACGGCAAG-1	4
CGTGAAACTGGATC-1	4
CGTGATGAGCCAAT-1	4
CGTGATGATGAACC-1	4
CGTTAACTGCTTCC-1	4
CGTTATACCTGTCC-1	4
CGTTTAACCTATTC-1	4
CTAAACCTGGAAGC-1	4
CTAACACTCGTAAC-1	4
CTAACGGACAGCTA-1	4
CTAACGGATAGTCG-1	4
CTAACGGATTTCTG-1	4
CTAACTACGCATCA-1	4
CTAAGGACTTAGGC-1	4
CTAAGGTGTGTCCC-1	4
CTAATGCTTTCGCC-1	4
CTACAACTACCACA-1	4
CTACAACTATTCTC-1	4
CTAGATCTTGAGAA-1	4
CTAGGATGCTGTTT-1	4
CTAGGCCTCTCATT-1	4
CTAGGTGAGGCGAA-1	4
CTATCATGTGGATC-1	4
CTATCCCTTCTTAC-1	4
CTATCCCTTGAACC-1	4
CTATGTACGCAAGG-1	4
CTATGTTGCTTAGG-1	4
CTATTGACCGAATC-1	4
CTATTGACGGTTTG-1	4
CTCAGAGATTGGCA-1	4
CTCAGGCTCTCAAG-1	4
CTCCGAACCTCTCG-1	4
CTCGAAGACTCCAC-1	4
CTCGAAGAGCTTCC-1	4
CTCGACTGTGGAGG-1	4
CTGAACGAGGAAGC-1	4
CTGAAGACGGAGCA-1	4
CTGAAGTGCGATAC-1	4
CTGAATCTTACAGC-1	4
CTGAATCTTCTAGG-1	4
CTGACAGACAGTTG-1	4
CTGACAGAGGAAGC-1	4
CTGACCACTCCGAA-1	4
CTGATTTGAGTTCG-1	4
CTGCAGCTGGAACG-1	4
CTGCCAACCTGACA-1	4
CTGGATGAACTAGC-1	4
CTGTGAGATCAGGT-1	4
CTTAACACGAACCT-1	4
CTTAAGCTTGTCCC-1	4
CTTACAACTTTGTC-1	4
CTTACATGGGGAGT-1	4
CTTACTGAGACTAC-1	4
CTTAGACTGTGTTG-1	4
CTTATCGAACGTTG-1	4
CTTCACCTGGTACT-1	4
CTTCATGAGAAAGT-1	4
CTTGAACTACACGT-1	4
CTTTACGATGAGCT-1	4
CTTTAGTGAACTGC-1	4
CTTTGATGACCTCC-1	4
GAAACAGACTCGCT-1	4
GAAAGCCTTTCCAT-1	4
GAACACACACACCA-1	4
GAACAGCTTGAGGG-1	4
GAACGGGATCCGAA-1	4
GAACTGTGCTGAAC-1	4
GAAGAATGCATTGG-1	4
GAAGAATGCCGCTT-1	4
GAAGCTACCACTGA-1	4
GAAGTCACAGGTCT-1	4
GAAGTCACCGATAC-1	4
GAATGCACGAACCT-1	4
GAATGCTGTTCAGG-1	4
GAATGGCTTGCATG-1	4
GACAACACAGAATG-1	4
GACAGTTGTCGTAG-1	4
GACATTCTGGATCT-1	4
GACATTCTTAAAGG-1	4
GACCAAACGGAGCA-1	4
GACCATGAGCTCCT-1	4
GACCTCTGCACTTT-1	4
GACCTCTGCCCTCA-1	4
GACCTCTGCGCATA-1	4
GACGATTGATGTCG-1	4
GACGCCGAAGTACC-1	4
GACGCCGAGTTTGG-1	4
GACGCTCTTTACCT-1	4
GACGGCACCAGAAA-1	4
GACGTAACGATGAA-1	4
GACTGATGCTGGAT-1	4
GACTGTGAGTACAC-1	4
GACTTTACTGGTCA-1	4
GAGAAATGGACGTT-1	4
GAGAAATGGTGTAC-1	4
GAGATAGAGGAGTG-1	4
GAGCATACACTACG-1	4
GAGCGAGACAGAAA-1	4
GAGCGCTGGGTAGG-1	4
GAGCGGCTCTATGG-1	4
GAGCTCCTGTCTTT-1	4
GAGGGCCTCCGTAA-1	4
GAGGTTACATTCGG-1	4
GAGGTTTGTCGACA-1	4
GAGTACACCCCAAA-1	4
GAGTACACTATTCC-1	4
GAGTCAACCATTTC-1	4
GAGTCTGAAACCGT-1	4
GATAATACTCAAGC-1	4
GATAGAGATGGCAT-1	4
GATAGCACCCTACC-1	4
GATATAACGAACCT-1	4
GATATATGGGAGTG-1	4
GATCCCTGACCACA-1	4
GATCCGCTGAGATA-1	4
GATCCGCTGGACTT-1	4
GATCGAACAAGAAC-1	4
GATCGAACACTACG-1	4
GATCTACTTCAGTG-1	4
GATCTTACACACAC-1	4
GATCTTACTGCGTA-1	4
GATCTTACTGGCAT-1	4
GATTACCTGCGAGA-1	4
GATTACCTGGAAAT-1	4
GATTACCTGTCCTC-1	4
GATTCGGACTCCAC-1	4
GATTCTTGGGAAAT-1	4
GATTCTTGTTTGTC-1	4
GATTTAGAACCCTC-1	4
GATTTAGACTACTT-1	4
GATTTGCTAGCCAT-1	4
GCAAACTGCAGAAA-1	4
GCAACCCTGGGATG-1	4
GCAACTGAGCTGTA-1	4
GCAAGACTCACTAG-1	4
GCAATTCTAGAGAT-1	4
GCACAAACAGCTAC-1	4
GCACAAACTGGTGT-1	4
GCACCACTAGGAGC-1	4
GCACCACTTCTATC-1	4
GCACGGACGAATGA-1	4
GCACGGTGTTGTGG-1	4
GCACGTCTAAGGCG-1	4
GCAGATACGTCACA-1	4
GCAGCGTGGAGACG-1	4
GCAGCTCTCACTGA-1	4
GCAGGCACTGTCGA-1	4
GCAGGGCTTAGAGA-1	4
GCAGGGCTTTTGGG-1	4
GCAGTCCTAGGAGC-1	4
GCAGTCCTTTCAGG-1	4
GCATGTGATGACCA-1	4
GCATTGGACTTACT-1	4
GCATTGGATGTCAG-1	4
GCCAAAACCAATCG-1	4
GCCAAATGACGACT-1	4
GCCAACCTGGGACA-1	4
GCCCATACCTTATC-1	4
GCCGACGAAGCAAA-1	4
GCCGAGTGACGCTA-1	4
GCCGGAACACACAC-1	4
GCCGGAACTGTCCC-1	4
GCCTACACACGTAC-1	4
GCCTCATGTGTCGA-1	4
GCCTGACTTTCTTG-1	4
GCGAGCACCCTAAG-1	4
GCGCACGATCGTTT-1	4
GCGCATCTGTTCGA-1	4
GCGGCAACAGATGA-1	4
GCGTAAACTTGACG-1	4
GCGTACCTAACCTG-1	4
GCGTACCTGAACTC-1	4
GCGTATGAGTCACA-1	4
GCGTATGATGTGGT-1	4
GCTACCTGCAAGCT-1	4
GCTACCTGGAGGTG-1	4
GCTACCTGTCTTAC-1	4
GCTAGATGACAGCT-1	4
GCTAGATGATGACC-1	4
GCTAGATGGTGTTG-1	4
GCTCAGCTGGGAGT-1	4
GCTCGACTCCTTGC-1	4
GCTGATGAGATACC-1	4
GCTTAACTGGGTGA-1	4
GCTTGAGAAGCTAC-1	4
GCTTGAGATTCACT-1	4
GCTTGAGATTTGCT-1	4
GGAACACTCGACTA-1	4
GGAACTACATGTGC-1	4
GGAACTACGGCATT-1	4
GGAAGGTGTATCGG-1	4
GGAATCTGTTCTAC-1	4
GGAATGCTAAAGCA-1	4
GGACATTGGCTGTA-1	4
GGACCTCTCCCTCA-1	4
GGACCTCTTCTCAT-1	4
GGACGCACAGCTCA-1	4
GGAGACGAAATCGC-1	4
GGAGACGACGACTA-1	4
GGAGTTTGTCCCAC-1	4
GGATACTGCCTACC-1	4
GGATAGCTGGCAAG-1	4
GGATAGCTTTCTGT-1	4
GGATGTACTCGTGA-1	4
GGATGTACTGGTAC-1	4
GGATTTCTATCGTG-1	4
GGATTTCTGTTCAG-1	4
GGCCACGACCGTTC-1	4
GGCCAGACCCCTCA-1	4
GGCTAATGGGGAGT-1	4
GGCTCACTAGTAGA-1	4
GGCTCACTATGTCG-1	4
GGCTCACTGGGACA-1	4
GGGAACGATCGCTC-1	4
GGGACCTGTGTGCA-1	4
GGGATTACATTCTC-1	4
GGGCACACCCGTTC-1	4
GGGCCAACCCCTTG-1	4
GGGCCATGGATAAG-1	4
GGGCCATGGGAAGC-1	4
GGGTAACTGGTGAG-1	4
GGGTAACTTCGCAA-1	4
GGGTAACTTCGTAG-1	4
GGGTTAACCCTGAA-1	4
GGTACAACCTTGAG-1	4
GGTACAACGTTTCT-1	4
GGTAGTACCAGCTA-1	4
GGTATCGAGGAAGC-1	4
GGTCAAACGAAGGC-1	4
GGTGGAGAGACGTT-1	4
GGTTTACTACCCTC-1	4
GGTTTACTGCGTTA-1	4
GTAACGTGCTCTAT-1	4
GTAAGCACTATCTC-1	4
GTAAGCACTGTAGC-1	4
GTAATATGCTTGAG-1	4
GTAATATGGGACTT-1	4
GTACTTTGCCTGTC-1	4
GTAGACTGTCGTTT-1	4
GTAGCCCTATCACG-1	4
GTAGGTACAGTACC-1	4
GTAGTGACTATGGC-1	4
GTAGTGTGCTTGGA-1	4
GTATCTACTTCCAT-1	4
GTATTCACAAGGGC-1	4
GTATTCACGGAGTG-1	4
GTCATACTATTCGG-1	4
GTCCAAGATGGAGG-1	4
GTCCACACGGACGA-1	4
GTCCACACGTTCGA-1	4
GTCCACTGCTCATT-1	4
GTCGAATGTAAGGA-1	4
GTCGCACTTTCCGC-1	4
GTCTAACTACACAC-1	4
GTCTAACTCCTGAA-1	4
GTCTAGGACCGAAT-1	4
GTGAACACTGACCA-1	4
GTGACCCTTCCCAC-1	4
GTGATCGAGCGGAA-1	4
GTGCAAACACGTTG-1	4
GTGCCACTTGATGC-1	4
GTGGTAACAGGGTG-1	4
GTGGTAACTTTGCT-1	4
GTGTACGATCACGA-1	4
GTGTAGTGATGGTC-1	4
GTGTATCTGTCGTA-1	4
GTGTCAGAGGAAGC-1	4
GTGTCAGAGTACAC-1	4
GTGTGATGGGGAGT-1	4
GTTAAAACTTTCAC-1	4
GTTACGGAAGGTCT-1	4
GTTACGGACCTACC-1	4
GTTACGGATCGTAG-1	4
GTTAGTCTTTTCAC-1	4
GTTATAGAAAGAAC-1	4
GTTATCTGAGCGTT-1	4
GTTATCTGATGGTC-1	4
GTTATGCTAGTCTG-1	4
GTTCATACTACAGC-1	4
GTTGACGACTGGAT-1	4
GTTGATCTAGGAGC-1	4
GTTGGATGGAACCT-1	4
GTTGTACTTTTCAC-1	4
TAAAGACTGGAAGC-1	4
TAAAGTTGGATACC-1	4
TAAATCGAATGGTC-1	4
TAACAATGATTCTC-1	4
TAACAATGGCGTTA-1	4
TAACAATGTCCTTA-1	4
TAACACCTCAATCG-1	4
TAACACCTCTTGAG-1	4
TAACACCTGAGCAG-1	4
TAACATGAAGAGTA-1	4
TAACCGGATCTGGA-1	4
TAACGTCTTTCTCA-1	4
TAACTAGATTGACG-1	4
TAACTCACACACGT-1	4
TAAGATACTGCTAG-1	4
TAAGCGTGTGACTG-1	4
TAAGGGCTCGTACA-1	4
TAATGATGAGGCGA-1	4
TACAAATGTCAGTG-1	4
TACACACTAGTCGT-1	4
TACCATTGACCTTT-1	4
TACCATTGATTCTC-1	4
TACCATTGGTCTGA-1	4
TACGAGACTTCCAT-1	4
TACGAGTGACACAC-1	4
TACGATCTAGGCGA-1	4
TACGCAGACACTCC-1	4
TACGGAACAGTGTC-1	4
TACGGCCTCTTACT-1	4
TACTAAGAAGCTCA-1	4
TACTACTGACAGTC-1	4
TACTACTGACGTGT-1	4
TACTCAACCCGTAA-1	4
TACTCAACTCTCGC-1	4
TACTGTTGTCAGGT-1	4
TACTTGACCGATAC-1	4
TAGAATTGCTTCCG-1	4
TAGAATTGGGAACG-1	4
TAGACGTGCTGGAT-1	4
TAGACGTGGTTGAC-1	4
TAGAGAGACTCGAA-1	4
TAGAGCACACTTTC-1	4
TAGCATCTTGCTCC-1	4
TAGCGATGTGGAGG-1	4
TAGGCAACACCGAT-1	4
TAGGGACTCCAAGT-1	4
TAGGGACTTCTTCA-1	4
TAGGTCGAATTCTC-1	4
TAGGTCGAGTTCTT-1	4
TAGGTGACACCATG-1	4
TAGGTGACACGCTA-1	4
TAGGTGTGATACCG-1	4
TAGGTGTGATCGTG-1	4
TAGTCGGATCTTCA-1	4
TAGTGGTGAACCGT-1	4
TAGTGGTGGCGGAA-1	4
TAGTGGTGTTCTCA-1	4
TAGTTCACACTAGC-1	4
TAGTTCACCTTCCG-1	4
TAGTTCACTTCATC-1	4
TAGTTGCTTTTGGG-1	4
TATAAGACAACAGA-1	4
TATAAGACCGCCTT-1	4
TATAAGTGAAGCCT-1	4
TATAAGTGTGATGC-1	4
TATACAGAGGTCAT-1	4
TATACCACTCTACT-1	4
TATACCACTGGTCA-1	4
TATACGCTGCATCA-1	4
TATCAGCTAGGCGA-1	4
TATCCAACTGATGC-1	4
TATCGTACTAAGCC-1	4
TATCTCGAACTGGT-1	4
TATCTTCTCGTAGT-1	4
TATGGGACCTAGTG-1	4
TATGGGACTAACGC-1	4
TATGTCACATGACC-1	4
TCAAGGACCTGTAG-1	4
TCAAGGTGGATAAG-1	4
TCAAGGTGTCGATG-1	4
TCAATAGACGTTGA-1	4
TCAATAGAGCTGAT-1	4
TCAATCACAACGAA-1	4
TCACAACTGTGTTG-1	4
TCACCCGACCGATA-1	4
TCACCCGATAGACC-1	4
TCACCGTGCACTTT-1	4
TCACCTCTTTCATC-1	4
TCACGAGAACCCTC-1	4
TCAGACGACGGAGA-1	4
TCAGAGACATCGGT-1	4
TCAGGATGCCATGA-1	4
TCAGTGGATTCGGA-1	4
TCATCATGCCTTTA-1	4
TCATTGACAGTGCT-1	4
TCATTGACTCCAGA-1	4
TCCCAGACTGGTGT-1	4
TCCCTACTAGATCC-1	4
TCCTAATGTTGTCT-1	4
TCCTATGAGTGTCA-1	4
TCGACCTGCATTGG-1	4
TCGACCTGGGTTAC-1	4
TCGACGCTTGCTCC-1	4
TCGCACACTCCTTA-1	4
TCGCACACTGATGC-1	4
TCGCACTGCCGCTT-1	4
TCGCAGCTTCTTAC-1	4
TCGCCATGGAGCAG-1	4
TCGGCACTGTCTGA-1	4
TCGTAGGAGTCGTA-1	4
TCGTAGGATCGACA-1	4
TCGTAGGATGTTTC-1	4
TCGTTATGCCCTAC-1	4
TCTAACACGTTCGA-1	4
TCTAACTGGGTGAG-1	4
TCTAAGCTAGCTCA-1	4
TCTAGACTCCTATT-1	4
TCTAGTTGCACCAA-1	4
TCTCAAACCCAATG-1	4
TCTCAAACTAGAGA-1	4
TCTCCACTGTCTTT-1	4
TCTCTAGACCACAA-1	4
TCTTACGAGGTAGG-1	4
TCTTCAGATCTTAC-1	4
TGAAGCACATTGGC-1	4
TGAAGCACGCGAGA-1	4
TGAATAACTGATGC-1	4
TGACCAGAGGTACT-1	4
TGACCAGATGTTCT-1	4
TGACCGCTCGTTAG-1	4
TGACCGCTTAGACC-1	4
TGACGAACAACCAC-1	4
TGACGAACTCCAAG-1	4
TGAGACACGTGCAT-1	4
TGAGGTACGTGCAT-1	4
TGAGTGACTCTGGA-1	4
TGATACCTGCGTTA-1	4
TGATCACTAAGAGT-1	4
TGATTAGACCCTCA-1	4
TGATTAGAGTAGGG-1	4
TGATTAGATCGATG-1	4
TGCAACGAATTCGG-1	4
TGCAACGACTCTCG-1	4
TGCAAGACCCTAAG-1	4
TGCAAGACGTGTCA-1	4
TGCAATCTTCAGTG-1	4
TGCACGCTGATAAG-1	4
TGCGATGACCACCT-1	4
TGCGCACTGCGAGA-1	4
TGCGTAGACCTTCG-1	4
TGGACCCTAGCTCA-1	4
TGGAGACTCGCAAT-1	4
TGGAGACTTGCAAC-1	4
TGGAGGGACTGTGA-1	4
TGGATTCTCGAACT-1	4
TGGTACGAGAAGGC-1	4
TGGTACGATTACTC-1	4
TGGTAGTGTGCTTT-1	4
TGGTATCTCTACTT-1	4
TGGTCAGAAGAGAT-1	4
TGTAACCTATAAGG-1	4
TGTAACCTCGGAGA-1	4
TGTAATGAGGTGAG-1	4
TGTAGGTGACACCA-1	4
TGTAGGTGTCTGGA-1	4
TGTCAGGAATCACG-1	4
TGTCTAACAAGTAG-1	4
TGTGAGACCAGCTA-1	4
TGTGAGTGTGCTAG-1	4
TGTGGATGCAACCA-1	4
TGTTAAGAGTTGTG-1	4
TGTTAAGATTTGCT-1	4
TGTTACACCACAAC-1	4
TGTTACTGCCCTTG-1	4
TGTTACTGTGAGCT-1	4
TTAACCACTGAACC-1	4
TTACACACGCTGAT-1	4
TTACGTACCCAATG-1	4
TTAGAATGCCTCAC-1	4
TTAGAATGTGGCAT-1	4
TTAGGGTGAGTGTC-1	4
TTAGGTCTGCTGTA-1	4
TTAGTCACTGCAAC-1	4
TTATGAGATTCAGG-1	4
TTATGGCTTGAGGG-1	4
TTCAAAGACTGTAG-1	4
TTCAACACACACCA-1	4
TTCCAAACTCGCTC-1	4
TTCCAAACTGTTTC-1	4
TTCCTAGAGCTGAT-1	4
TTCGTATGGTTTCT-1	4
TTCTACGATCCAGA-1	4
TTCTAGTGCTTATC-1	4
TTCTAGTGTGTGGT-1	4
TTCTCAGATGCAGT-1	4
TTGAGGACGTGTTG-1	4
TTGAGGTGCACTGA-1	4
TTGATCTGCCATAG-1	4
TTGATCTGCGGAGA-1	4
TTGCTAACTAGAGA-1	4
TTGGGAACCGGGAA-1	4
TTGTCATGGAGCAG-1	4
TTGTCATGTATCGG-1	4
TTTCACGAGTCTGA-1	4
TTTCCAGAAGAGAT-1	4
TTTCCAGACCGTAA-1	4
TTTGCATGAAACAG-1	4
