Barcode	Cluster
AAGCAAGAGTACGT-2	SNG-1
AAGCCTGAACTTTC-1	SNG-1
AAGGTGCTCAAGCT-1	SNG-1
AAGTTATGTAACGC-1	SNG-1
AATCCTACCGGGAA-1	SNG-1
ACAATAACTGAACC-1	SNG-1
ACAGTGACGTACAC-2	SNG-1
ACATTCTGCCTTTA-2	SNG-1
ACCAACGATGTAGC-1	SNG-1
ACCATTACGGTGAG-1	SNG-1
ACCCAAGATAGCCA-1	SNG-1
ACCTCCGATCAGGT-2	SNG-1
ACGCCGGAGCCAAT-1	SNG-1
ACGCTCACTGCCCT-1	SNG-1
ACGGTAACCCCACT-1	SNG-1
ACGGTCCTGGCAAG-1	SNG-1
ACGTCGCTAGAAGT-1	SNG-1
ACGTGATGAGGTCT-1	SNG-1
ACGTTTACTGTCCC-2	SNG-1
ACTACGGACCTGAA-1	SNG-1
ACTCGAGAGTTCTT-1	SNG-1
ACTCGAGATACGAC-2	SNG-1
ACTGCCTGCGACTA-1	SNG-1
ACTTGACTCGAATC-1	SNG-1
ACTTGACTGTAGCT-2	SNG-1
AGAAACGAAGCGGA-1	SNG-1
AGAAACGACTCAGA-2	SNG-1
AGACTGACTCGTGA-2	SNG-1
AGACTTCTGCCTTC-2	SNG-1
AGATTCCTAGTGCT-1	SNG-1
AGCATTCTTGACCA-1	SNG-1
AGCGAACTGTGAGG-2	SNG-1
AGCGTAACCTCCAC-1	SNG-1
AGGAACCTCTTGGA-1	SNG-1
AGGGCCACCTGTAG-2	SNG-1
AGTAGAGACAAAGA-2	SNG-1
AGTCCAGAGTGAGG-1	SNG-1
AGTTATGACGCTAA-1	SNG-1
AGTTGTCTCCATAG-2	SNG-1
AGTTTGCTGCGTTA-1	SNG-1
ATACGTCTGACTAC-1	SNG-1
ATAGCGTGACTACG-1	SNG-1
ATCACACTCCAACA-1	SNG-1
ATCGACGAAAGCAA-2	SNG-1
ATCGGAACATGGTC-1	SNG-1
ATCTGGGAATCAGC-2	SNG-1
ATGCAGACGGATTC-2	SNG-1
ATGTAAACGAGGTG-1	SNG-1
ATTAGTGACCATGA-1	SNG-1
ATTGTAGACTTCCG-2	SNG-1
ATTGTCTGACTGGT-1	SNG-1
CAAAGCACGATGAA-1	SNG-1
CAAAGCTGTACTTC-2	SNG-1
CAATCGGAGGTGGA-1	SNG-1
CAATCTACGGTTAC-1	SNG-1
CACAACGACAGATC-1	SNG-1
CACACCTGCCTGAA-2	SNG-1
CACAGATGCCATAG-1	SNG-1
CACAGATGTCACCC-1	SNG-1
CACAGCCTCTCGAA-1	SNG-1
CACATACTTCCTGC-2	SNG-1
CACCGTTGAAAGCA-1	SNG-1
CAGCCTACGTCTTT-2	SNG-1
CATCTTGACCTACC-2	SNG-1
CATGCGCTGTTGAC-2	SNG-1
CATTAGCTCCATAG-1	SNG-1
CATTGTACAGAATG-2	SNG-1
CATTTGACGTAAGA-2	SNG-1
CCACCTGATCCAGA-1	SNG-1
CCACGGGATGCTGA-2	SNG-1
CCACTGACGACAGG-1	SNG-1
CCAGGTCTCTTGTT-2	SNG-1
CCATTAACTCGTAG-2	SNG-1
CCCAACACGACGTT-2	SNG-1
CCCGAACTGGAGCA-2	SNG-1
CCCTCAGAACACTG-1	SNG-1
CCCTGAACAATCGC-1	SNG-1
CCCTGAACCCTATT-1	SNG-1
CCTGCAACTTCACT-2	SNG-1
CCTGGACTCGTTGA-1	SNG-1
CGACCTACTCGCAA-2	SNG-1
CGACTGCTACAGCT-2	SNG-1
CGACTGCTTGTAGC-2	SNG-1
CGAGGGCTTCGCAA-1	SNG-1
CGATACGAGTTGAC-1	SNG-1
CGCAACCTGAATGA-1	SNG-1
CGCATAGACCAACA-2	SNG-1
CGCATAGATGGCAT-2	SNG-1
CGCATAGATTTCGT-2	SNG-1
CGCCTAACTCCGAA-1	SNG-1
CGCTCATGATTCTC-2	SNG-1
CGGCGAACGGGTGA-1	SNG-1
CGGTAAACCTAAGC-1	SNG-1
CGGTCACTCTTCGC-1	SNG-1
CGTAACGAGTCACA-1	SNG-1
CGTCCATGCTACCC-1	SNG-1
CGTGTAGACTACGA-1	SNG-1
CTAACTACAACCGT-2	SNG-1
CTAAGGACGAGCAG-2	SNG-1
CTAATAGAACCGAT-1	SNG-1
CTAGGATGCTCCAC-2	SNG-1
CTATGTTGGTCGAT-1	SNG-1
CTCCTACTCAGATC-2	SNG-1
CTCGACACTCTCCG-2	SNG-1
CTGAAGACATGTCG-2	SNG-1
CTGGAAACCACTAG-2	SNG-1
CTTAAAGAATTCGG-1	SNG-1
CTTAGACTGGACTT-1	SNG-1
CTTCATGATGCTTT-1	SNG-1
CTTCTAGACTTTAC-2	SNG-1
GAAACAGACACTGA-2	SNG-1
GAACAGCTGTTCAG-2	SNG-1
GAAGTCTGAGGTTC-1	SNG-1
GACACTGAGTACCA-1	SNG-1
GACAGTTGACCTTT-1	SNG-1
GACGAACTCGTCTC-1	SNG-1
GAGTGTTGACTCAG-2	SNG-1
GATCGATGGTGTAC-1	SNG-1
GATTGGACGAAGGC-1	SNG-1
GATTTGCTGAGGTG-2	SNG-1
GCAATTCTTTCCAT-2	SNG-1
GCACCACTAGAGGC-1	SNG-1
GCAGCGTGTTGGCA-1	SNG-1
GCAGTTGACCTTAT-2	SNG-1
GCATGATGTAACCG-1	SNG-1
GCCACGGATGGATC-1	SNG-1
GCCATGCTCGGTAT-1	SNG-1
GCCGGAACCGAACT-2	SNG-1
GCGCACGATGTCAG-1	SNG-1
GCTCACTGTTCACT-2	SNG-1
GCTGATGAGGTAAA-1	SNG-1
GGAATCTGCGTCTC-2	SNG-1
GGACAACTACTTTC-1	SNG-1
GGAGCGCTTCATTC-1	SNG-1
GGATACTGCGTTAG-1	SNG-1
GGATTTCTGAAGGC-1	SNG-1
GGCAATACGCTAAC-1	SNG-1
GGCCAGACTCGTAG-2	SNG-1
GGCCCAGAGTGTTG-2	SNG-1
GGCCGATGGGCAAG-1	SNG-1
GGTACATGCTGACA-2	SNG-1
GGTATCGATGAACC-2	SNG-1
GGTATGACGGACAG-1	SNG-1
GTAACGTGTATCTC-1	SNG-1
GTACCCTGGTACAC-2	SNG-1
GTAGTCGAGTCATG-1	SNG-1
GTATTCACAGCCTA-1	SNG-1
GTATTCACGTTCGA-1	SNG-1
GTCATACTAAACAG-1	SNG-1
GTCCAAGATTTACC-1	SNG-1
GTCGAATGACAGCT-1	SNG-1
GTGAACACGGAGTG-2	SNG-1
GTGACCCTACGTAC-1	SNG-1
GTGATGACGGAGGT-1	SNG-1
GTTACTACTCTGGA-1	SNG-1
GTTGGATGAGGGTG-1	SNG-1
TAAATCGAACGTTG-2	SNG-1
TAACTAGAGTCGTA-1	SNG-1
TAACTCACGGATCT-2	SNG-1
TAAGGCTGGAAACA-1	SNG-1
TAATGATGCGAACT-2	SNG-1
TACGAGACCGACTA-2	SNG-1
TACGCAGAAGGTCT-1	SNG-1
TAGACGTGCCTGTC-1	SNG-1
TAGCATCTTTCGCC-1	SNG-1
TAGCTACTAGAACA-1	SNG-1
TAGGCAACTGGATC-1	SNG-1
TAGGCTGAGTACCA-1	SNG-1
TAGGTGTGTTCGGA-1	SNG-1
TAGTCGGAAGCCAT-1	SNG-1
TAGTCTTGTACGCA-1	SNG-1
TAGTTCACGAATGA-2	SNG-1
TATAGATGGTCTGA-1	SNG-1
TATAGCCTCGGAGA-1	SNG-1
TATCTCGAGGACTT-1	SNG-1
TATTGCTGGTAGCT-1	SNG-1
TCAGTACTCTACGA-1	SNG-1
TCCATCCTCTCCCA-1	SNG-1
TCCCGATGGCATAC-1	SNG-1
TCTAAGCTTGAACC-2	SNG-1
TGAATAACTCTTTG-2	SNG-1
TGACTGGAGCAAGG-1	SNG-1
TGCACGCTAACGTC-1	SNG-1
TGCGTAGAGTTCTT-1	SNG-1
TGGTCAGAACACTG-1	SNG-1
TGGTCAGATACGCA-1	SNG-1
TGTAAAACGTTCGA-1	SNG-1
TGTAGGTGGACAAA-1	SNG-1
TGTATGCTTCTATC-2	SNG-1
TGTGATCTCGGTAT-1	SNG-1
TTAACCACACGACT-1	SNG-1
TTACACACCATTCT-1	SNG-1
TTACCATGTCGCAA-1	SNG-1
TTAGACCTCTCGCT-1	SNG-1
TTAGCTACCAGTCA-1	SNG-1
TTATGCACGGAGTG-1	SNG-1
TTCATTCTTCGCAA-2	SNG-1
TTCGAGGAACGGAG-1	SNG-1
TTCTACGAGCTACA-2	SNG-1
TTGAGGACAGTCAC-1	SNG-1
TTGTAGCTATCTTC-2	SNG-1
TTTCACGACAGCTA-1	SNG-1
TTTCCAGACCTTTA-2	SNG-1
AAGAACGACCTCCA-2	SNG-2
AAGCCAACAGTACC-2	SNG-2
AAGGCTTGGTTACG-1	SNG-2
AAGTGCACCCTGTC-1	SNG-2
AATCCGGAGAAAGT-1	SNG-2
AATTCCTGGTCATG-2	SNG-2
ACAACCGAGACAGG-2	SNG-2
ACAATAACGTCTGA-2	SNG-2
ACAGACACTTCCAT-1	SNG-2
ACAGGTACAACGTC-1	SNG-2
ACAGTCGAGAACCT-1	SNG-2
ACATACCTTCTAGG-2	SNG-2
ACATCACTTCCAAG-1	SNG-2
ACCACAGAACTTTC-1	SNG-2
ACCGTGCTCACCAA-2	SNG-2
ACGACCCTTCGACA-1	SNG-2
ACGAGGGAGTTTGG-1	SNG-2
ACGATCGAACGTAC-2	SNG-2
ACGCTGCTGGTGAG-1	SNG-2
ACGGAGGAAGTGCT-1	SNG-2
ACGGTATGGGTATC-2	SNG-2
ACTCCCGACAAAGA-2	SNG-2
ACTCTATGAATGCC-2	SNG-2
ACTGCCTGTTGTGG-2	SNG-2
AGACTCGACACTAG-1	SNG-2
AGAGGTCTACTCAG-2	SNG-2
AGAGTCTGTTGTCT-2	SNG-2
AGATCTCTTGTGCA-2	SNG-2
AGCACAACCAGCTA-1	SNG-2
AGCCACCTGAAACA-1	SNG-2
AGCCGTCTCGACAT-1	SNG-2
AGCTTACTGAGGAC-2	SNG-2
AGGAAATGCCCTCA-2	SNG-2
AGGAAATGGGTTAC-1	SNG-2
AGGACTTGTCCGTC-1	SNG-2
AGGATAGAGTCTAG-1	SNG-2
AGGCCTCTTACGCA-2	SNG-2
AGGTCATGTGCAAC-1	SNG-2
AGTAGGCTGACGAG-2	SNG-2
AGTCACGAAAGATG-1	SNG-2
AGTCGAACCGTTAG-2	SNG-2
ATAACATGGTGCTA-1	SNG-2
ATAACCCTGTATGC-1	SNG-2
ATAGAACTTGTGGT-1	SNG-2
ATAGATACGAGGGT-2	SNG-2
ATAGCCGACCCACT-2	SNG-2
ATCACTACATCGTG-1	SNG-2
ATCACTTGCAGAAA-1	SNG-2
ATCGACGAGCAGAG-1	SNG-2
ATCGACGATCGCTC-1	SNG-2
ATCTCAACCAGCTA-1	SNG-2
ATCTGACTTCTTCA-1	SNG-2
ATGACGTGTTCTTG-2	SNG-2
ATGATAACCCTATT-2	SNG-2
ATGCAGTGTCCTCG-1	SNG-2
ATGCCGCTGGAAAT-2	SNG-2
ATGCGATGGGTTAC-2	SNG-2
ATGGACACCTCCAC-1	SNG-2
ATTCCAACTGAAGA-1	SNG-2
CAAAGCACCCAAGT-2	SNG-2
CAAATTGAGAAGGC-2	SNG-2
CAAATTGAGTTCTT-2	SNG-2
CAACGAACAGTGCT-1	SNG-2
CAAGACACTATCGG-1	SNG-2
CAAGGACTGTTGGT-1	SNG-2
CACAACGAATCGTG-2	SNG-2
CACACCTGACCTGA-1	SNG-2
CACCGTTGGGCATT-1	SNG-2
CACGGGTGTGCTAG-1	SNG-2
CACTAGGATGCTTT-2	SNG-2
CAGACATGTGGTAC-2	SNG-2
CAGAGGGAACGTTG-1	SNG-2
CAGAGGGACCTATT-2	SNG-2
CAGCAATGCTGATG-2	SNG-2
CAGCGTCTCTTCCG-1	SNG-2
CAGCTAGAGACAGG-1	SNG-2
CAGTCAGACAACTG-1	SNG-2
CATCAGGACGGAGA-1	SNG-2
CATCTTGAAGAACA-1	SNG-2
CATGCGCTTTCTCA-1	SNG-2
CATTACACAAGTAG-1	SNG-2
CCAACCTGCGCATA-1	SNG-2
CCAATTTGGTTCAG-1	SNG-2
CCAGAAACTTGTGG-1	SNG-2
CCATCGTGCTACTT-1	SNG-2
CCATTAACTGTGAC-1	SNG-2
CCCAACTGCTAGAC-1	SNG-2
CCCAACTGGGAAGC-1	SNG-2
CCCAGTTGTACAGC-2	SNG-2
CCCATGTGTCGTTT-2	SNG-2
CCCATGTGTGCTGA-1	SNG-2
CCCTTACTTCGTGA-1	SNG-2
CCGACACTACACAC-1	SNG-2
CCGCGAGACGCTAA-2	SNG-2
CCGGAGTGTACTTC-2	SNG-2
CCTAAGGATGCTCC-2	SNG-2
CCTAGAGAAGTGTC-1	SNG-2
CCTATTGATCAGAC-1	SNG-2
CCTCTACTAAGTGA-1	SNG-2
CGAACATGGTGTTG-2	SNG-2
CGACAAACTCCGTC-2	SNG-2
CGAGGAGAATGCTG-1	SNG-2
CGATACGAAGAATG-1	SNG-2
CGCAAATGATACCG-2	SNG-2
CGCAAATGGTATGC-1	SNG-2
CGCATAGACACCAA-2	SNG-2
CGCGAGACATCTCT-1	SNG-2
CGCTAAGAGCGGAA-1	SNG-2
CGGAGGCTTTTGTC-1	SNG-2
CGGGACTGTCGCTC-1	SNG-2
CGTCAAGAGAATGA-1	SNG-2
CGTTATACGGGATG-1	SNG-2
CTACGGCTCTACCC-2	SNG-2
CTACTCCTGACTAC-2	SNG-2
CTAGTTACGAGATA-2	SNG-2
CTAGTTACTGACTG-1	SNG-2
CTATACTGTGTCGA-1	SNG-2
CTATGTTGAGTGCT-2	SNG-2
CTATTGACGCAGTT-2	SNG-2
CTCCATCTTTTACC-1	SNG-2
CTTACAACGTCGAT-2	SNG-2
CTTATCGAACCCTC-2	SNG-2
CTTATCGATCTAGG-2	SNG-2
CTTCACCTGAACCT-1	SNG-2
GAAATACTCGTAGT-2	SNG-2
GAACGGGAAAAGTG-1	SNG-2
GAACTGTGGAAAGT-1	SNG-2
GAAGGTCTTCGTAG-1	SNG-2
GACCTCACCAGAGG-2	SNG-2
GACGATTGCCTTAT-2	SNG-2
GACTACGAACTTTC-2	SNG-2
GACTGAACTCGTGA-1	SNG-2
GACTTTACCTTACT-1	SNG-2
GAGATCACCATGGT-1	SNG-2
GAGCAACTTATTCC-1	SNG-2
GAGCGCTGTTCGCC-1	SNG-2
GAGGACGACAGAAA-1	SNG-2
GAGGGAACGCATAC-1	SNG-2
GAGTACACCCCTTG-1	SNG-2
GAGTCAACAAAAGC-1	SNG-2
GATAAGGAAGCTAC-2	SNG-2
GATAGCACGGATTC-2	SNG-2
GATCGATGCTTCCG-1	SNG-2
GATCTTTGCTCTAT-1	SNG-2
GATTCTACGCGAAG-1	SNG-2
GCACAAACGACAGG-2	SNG-2
GCAGCCGAGATACC-1	SNG-2
GCAGGCACCAAAGA-1	SNG-2
GCAGTTGAGGTTTG-2	SNG-2
GCATTGGAGAAACA-1	SNG-2
GCGGACTGCGTCTC-1	SNG-2
GCTACAGAGCGTTA-1	SNG-2
GGAACTTGTGCTGA-1	SNG-2
GGACCTCTCTGACA-1	SNG-2
GGAGGATGTACTCT-1	SNG-2
GGCAATACAGCGTT-2	SNG-2
GGCCACGAGAGATA-2	SNG-2
GGCCAGACACGTAC-1	SNG-2
GGCCAGACATTTCC-1	SNG-2
GGCCGAACACCAGT-1	SNG-2
GGCTACCTCTGATG-1	SNG-2
GGGATGGAATGTGC-1	SNG-2
GGGATTACTCTCCG-2	SNG-2
GGGCCAACGGTAAA-1	SNG-2
GGGTTAACTCCGAA-1	SNG-2
GGTACTGAGGAGTG-1	SNG-2
GGTGATACGACAGG-2	SNG-2
GTACTACTCCGATA-1	SNG-2
GTAGCAACACTGTG-1	SNG-2
GTATTCACCTTGCC-1	SNG-2
GTCACAGAGGTAGG-1	SNG-2
GTCACCTGCTATGG-1	SNG-2
GTCGACCTCCATGA-2	SNG-2
GTCGCACTGAGACG-1	SNG-2
GTGATGACTTCTAC-1	SNG-2
GTGTCAGAGGCGAA-1	SNG-2
GTTAAATGCGGGAA-1	SNG-2
GTTACGGAGTTGAC-2	SNG-2
GTTTAAGACTCAAG-1	SNG-2
TAACACCTAGCATC-1	SNG-2
TAACCGGATGCTCC-1	SNG-2
TAAGAGGAACCCTC-1	SNG-2
TAAGTCCTGTTGTG-1	SNG-2
TAATCGCTGCCTTC-1	SNG-2
TACCGAGAGCTAAC-2	SNG-2
TACGATCTGGGCAA-1	SNG-2
TATCCTGACGAATC-2	SNG-2
TATCTGACGCTAAC-2	SNG-2
TATTTCCTGCGTAT-1	SNG-2
TCAAGGTGCTGGAT-2	SNG-2
TCACAACTTAGAAG-1	SNG-2
TCATCAACCAGAAA-1	SNG-2
TCCGAAGACCTACC-1	SNG-2
TCCGGACTTGCGTA-2	SNG-2
TCCTAAACGATAAG-2	SNG-2
TCGACCTGGTTGTG-1	SNG-2
TCGACGCTACCTTT-2	SNG-2
TCGGTAGACGTGTA-1	SNG-2
TCGTTATGCGATAC-1	SNG-2
TCTAACACGCCATA-1	SNG-2
TCTCAAACGTCTGA-1	SNG-2
TGACGCCTCTCCAC-1	SNG-2
TGACGCCTGCGATT-1	SNG-2
TGAGGTACACCATG-1	SNG-2
TGAGTGACACGCAT-1	SNG-2
TGATTCTGAGCATC-2	SNG-2
TGCACGCTTCTCTA-1	SNG-2
TGGAGACTCACTTT-1	SNG-2
TGGAGGGATAGAAG-1	SNG-2
TGGTAGACAGCATC-1	SNG-2
TGTAGGTGCGTAGT-1	SNG-2
TTAGACCTCTGATG-1	SNG-2
TTCAACACGCATAC-2	SNG-2
TTCAAGCTAAGGCG-1	SNG-2
TTCATGACGAGGCA-1	SNG-2
TTGATCTGAGCGGA-2	SNG-2
TTGGAGTGGTAAGA-1	SNG-2
TTGGGAACACTCTT-1	SNG-2
TTTAGCTGTCCCGT-2	SNG-2
TTTAGGCTCCGATA-1	SNG-2
TTTCCAGAACACCA-1	SNG-2
TTTCCAGATTTCAC-1	SNG-2
TTTCTACTGAAGGC-2	SNG-2
TTTGCATGCGTGTA-2	SNG-2
TTTGCATGTTCCCG-1	SNG-2
AATAGGGAGGTCTA-1	DBL-0
AGACTGACCGGGAA-2	DBL-0
CAACAGACTCGCCT-1	DBL-0
CGAGCCGAATGCTG-2	DBL-0
CTCAATTGAAGTGA-1	DBL-0
CTGGATGATATTCC-1	DBL-0
GCAATTCTCCATAG-1	DBL-0
GCGCATCTAACCGT-2	DBL-0
GCTTAACTGTGCTA-1	DBL-0
TAAATGTGCTGGAT-1	DBL-0
TATGCGGAGTAAAG-1	DBL-0
TTCATGACCTTAGG-1	DBL-0
TTCATGACGGAAGC-2	DBL-0
TTCATGACTATCTC-2	DBL-0
TTCATGACTCGCCT-1	DBL-0
TTCATGACTCTGGA-2	DBL-0
TTCATGACTTACCT-1	DBL-0
TTCATGTGAACGAA-1	DBL-0
TTCATGTGATGACC-2	DBL-0
TTCATGTGCGACTA-1	DBL-0
TTCATGTGCTTCGC-1	DBL-0
TTCATGTGCTTGTT-1	DBL-0
TTCATGTGGACGGA-2	DBL-0
TTCATGTGGCGAAG-2	DBL-0
TTCATGTGGGTCAT-1	DBL-0
TTCATGTGGTCTAG-2	DBL-0
TTCATTCTATACCG-1	DBL-0
TTCATTCTATCGTG-2	DBL-0
TTCATTCTGAAGGC-1	DBL-0
TTCATTCTTCTCGC-2	DBL-0
TTCATTCTTTCAGG-1	DBL-0
TTCCAAACAACCTG-1	DBL-0
TTCCAAACCGTGTA-1	DBL-0
TTCCAAACCGTGTA-2	DBL-0
TTCCAAACGTCAAC-2	DBL-0
TTCCAAACGTCGTA-1	DBL-0
TTCCAAACTCCTAT-1	DBL-0
TTCCATGAACCACA-1	DBL-0
TTCCATGACTGTAG-1	DBL-0
TTCCATGACTTGCC-1	DBL-0
TTCCATGAGCGAGA-2	DBL-0
TTCCATGATGTCTT-2	DBL-0
TTCCCACTAACGTC-1	DBL-0
TTCCCACTAAGATG-1	DBL-0
TTCCCACTACGGGA-2	DBL-0
TTCCCACTCGACTA-1	DBL-0
TTCCCACTCTCTCG-2	DBL-0
TTCCCACTGCTATG-2	DBL-0
TTCCCACTGTGAGG-1	DBL-0
TTCCCACTTCCCAC-1	DBL-0
TTCCCACTTCCCGT-2	DBL-0
TTCCTAGAACCTCC-1	DBL-0
TTCCTAGAAGATGA-1	DBL-0
TTCCTAGACAGAGG-1	DBL-0
TTCCTAGAGCGTTA-2	DBL-0
TTCCTAGAGCTGTA-2	DBL-0
TTCCTAGAGTCAAC-1	DBL-0
TTCCTAGATCACGA-1	DBL-0
TTCCTAGATCGCCT-1	DBL-0
TTCGAGGAACGCAT-2	DBL-0
TTCGAGGAACTACG-1	DBL-0
TTCGAGGAACTCAG-1	DBL-0
TTCGAGGAAGAGGC-1	DBL-0
TTCGAGGAATACCG-1	DBL-0
TTCGAGGACCACAA-1	DBL-0
TTCGAGGAGACAGG-1	DBL-0
TTCGAGGAGCTTCC-1	DBL-0
TTCGAGGATTCATC-1	DBL-0
TTCGATTGCCTGAA-2	DBL-0
TTCGATTGGAATCC-2	DBL-0
TTCGATTGGACAGG-1	DBL-0
TTCGATTGGACGGA-1	DBL-0
TTCGATTGGCCAAT-1	DBL-0
TTCGATTGTATCTC-1	DBL-0
TTCGATTGTCCTTA-1	DBL-0
TTCGATTGTGAAGA-2	DBL-0
TTCGGAGACAAGCT-1	DBL-0
TTCGGAGACCTATT-1	DBL-0
TTCGGAGATGACTG-1	DBL-0
TTCGGAGATTGGTG-1	DBL-0
TTCGTATGACTGTG-1	DBL-0
TTCGTATGAGTGCT-1	DBL-0
TTCGTATGCCGCTT-1	DBL-0
TTCGTATGCCTTAT-1	DBL-0
TTCGTATGGAACCT-1	DBL-0
TTCGTATGGGCATT-1	DBL-0
TTCGTATGGTCCTC-1	DBL-0
TTCGTATGGTCGAT-1	DBL-0
TTCGTATGTAAGCC-1	DBL-0
TTCGTATGTACTCT-2	DBL-0
TTCGTATGTGCTGA-2	DBL-0
TTCTACGAAATCGC-1	DBL-0
TTCTACGAATTCCT-1	DBL-0
TTCTACGACCACCT-2	DBL-0
TTCTACGACCCTTG-1	DBL-0
TTCTACGACTTGAG-2	DBL-0
TTCTACGAGAACCT-1	DBL-0
TTCTACGATGAAGA-2	DBL-0
TTCTACGATTTGTC-1	DBL-0
TTCTAGTGAAAGCA-1	DBL-0
TTCTAGTGACCGAT-1	DBL-0
TTCTAGTGACGGAG-1	DBL-0
TTCTAGTGAGTCGT-1	DBL-0
TTCTAGTGGCTTAG-2	DBL-0
TTCTAGTGGGACAG-1	DBL-0
TTCTAGTGGTGTCA-1	DBL-0
TTCTAGTGGTTCGA-1	DBL-0
TTCTAGTGTCGTGA-1	DBL-0
TTCTAGTGTGCAAC-2	DBL-0
TTCTAGTGTGCCAA-1	DBL-0
TTCTAGTGTTGAGC-2	DBL-0
TTCTAGTGTTTACC-1	DBL-0
TTCTCAGAAGCGTT-1	DBL-0
TTCTCAGAGATACC-1	DBL-0
TTCTGATGAGAAGT-1	DBL-0
TTCTGATGCTCGAA-1	DBL-0
TTCTGATGCTCGCT-1	DBL-0
TTCTGATGGGACTT-2	DBL-0
TTCTGATGTGGCAT-1	DBL-0
TTCTGATGTGGTTG-1	DBL-0
TTCTTACTAAACAG-1	DBL-0
TTCTTACTAACCGT-2	DBL-0
TTCTTACTAGAATG-1	DBL-0
TTCTTACTGAATAG-1	DBL-0
TTCTTACTGGGCAA-1	DBL-0
TTCTTACTTATGGC-2	DBL-0
TTCTTACTTGGGAG-2	DBL-0
TTGAACCTCCTTGC-2	DBL-0
TTGAACCTGAGATA-1	DBL-0
TTGAACCTGAGGTG-1	DBL-0
TTGAACCTGCTGAT-1	DBL-0
TTGAACCTGGGCAA-2	DBL-0
TTGAACCTTCCTTA-1	DBL-0
TTGAACCTTGACTG-1	DBL-0
TTGAATGAAAGCAA-1	DBL-0
TTGAATGAACCTAG-1	DBL-0
TTGAATGAACCTTT-1	DBL-0
TTGAATGAAGCCTA-1	DBL-0
TTGAATGAAGGTTC-2	DBL-0
TTGAATGAATAAGG-2	DBL-0
TTGAATGACTAGTG-1	DBL-0
TTGAATGAGCTAAC-1	DBL-0
TTGAATGAGGAACG-1	DBL-0
TTGAATGATGAACC-2	DBL-0
TTGAATGATGCAGT-2	DBL-0
TTGACACTCCTTTA-1	DBL-0
TTGACACTCTTCTA-1	DBL-0
TTGACACTGGATCT-1	DBL-0
TTGACACTTGCCCT-2	DBL-0
TTGACACTTGGAAA-1	DBL-0
TTGACACTTGGAGG-2	DBL-0
TTGACACTTTGGCA-2	DBL-0
TTGAGGACACGTAC-1	DBL-0
TTGAGGACATGCTG-2	DBL-0
TTGAGGACCAAGCT-1	DBL-0
TTGAGGACCGCAAT-1	DBL-0
TTGAGGACCTTACT-1	DBL-0
TTGAGGACGATGAA-2	DBL-0
TTGAGGACTGCAGT-1	DBL-0
TTGAGGACTGCCAA-1	DBL-0
TTGAGGTGCTCAAG-1	DBL-0
TTGAGGTGTAGAAG-1	DBL-0
TTGATCTGAAAAGC-1	DBL-0
TTGATCTGAAACGA-1	DBL-0
TTGATCTGACACGT-2	DBL-0
TTGATCTGCCACCT-1	DBL-0
TTGATCTGGTGTTG-2	DBL-0
TTGATCTGTCGCAA-2	DBL-0
TTGATCTGTGAGGG-1	DBL-0
TTGATCTGTTTCAC-1	DBL-0
TTGCATTGAGAATG-2	DBL-0
TTGCATTGATCGTG-1	DBL-0
TTGCATTGTAACGC-2	DBL-0
TTGCATTGTGCAGT-2	DBL-0
TTGCTAACACCAGT-2	DBL-0
TTGCTAACAGCGGA-2	DBL-0
TTGCTAACCAGTCA-2	DBL-0
TTGCTAACCCATGA-2	DBL-0
TTGCTAACGCTGAT-2	DBL-0
TTGCTAACGGATTC-2	DBL-0
TTGCTAACGTAAAG-1	DBL-0
TTGCTAACGTGAGG-1	DBL-0
TTGCTAACTCACCC-1	DBL-0
TTGCTAACTCTCAT-2	DBL-0
TTGCTAACTTCCCG-2	DBL-0
TTGCTAACTTGCTT-2	DBL-0
TTGCTATGCGGAGA-2	DBL-0
TTGCTATGCTAGTG-1	DBL-0
TTGCTATGGCATCA-2	DBL-0
TTGCTATGGTGAGG-1	DBL-0
TTGCTATGTGGTTG-2	DBL-0
TTGGAGACAAGCCT-1	DBL-0
TTGGAGACAGCATC-1	DBL-0
TTGGAGACCGAGTT-2	DBL-0
TTGGAGACCGCAAT-1	DBL-0
TTGGAGACCGTCTC-1	DBL-0
TTGGAGACCTACGA-2	DBL-0
TTGGAGACCTATTC-1	DBL-0
TTGGAGACCTTCTA-1	DBL-0
TTGGAGACGAGATA-1	DBL-0
TTGGAGACGCATCA-2	DBL-0
TTGGAGACGTTGAC-2	DBL-0
TTGGAGACTACGCA-2	DBL-0
TTGGAGACTGGAAA-1	DBL-0
TTGGAGACTTGACG-1	DBL-0
TTGGAGTGAATCGC-1	DBL-0
TTGGAGTGACTCAG-1	DBL-0
TTGGAGTGAGAGAT-2	DBL-0
TTGGAGTGAGCGTT-1	DBL-0
TTGGAGTGCCGCTT-2	DBL-0
TTGGAGTGGCTGTA-2	DBL-0
TTGGAGTGTACAGC-1	DBL-0
TTGGGAACACGCTA-1	DBL-0
TTGGGAACAGCGTT-2	DBL-0
TTGGGAACCACACA-2	DBL-0
TTGGGAACCCTGAA-1	DBL-0
TTGGGAACGGAAAT-1	DBL-0
TTGGGAACGTCTGA-1	DBL-0
TTGGTACTAAGGGC-2	DBL-0
TTGGTACTCACTAG-1	DBL-0
TTGGTACTCCTATT-1	DBL-0
TTGGTACTGCGTAT-1	DBL-0
TTGGTACTGGTCAT-2	DBL-0
TTGGTACTGTATCG-1	DBL-0
TTGGTACTTAACCG-1	DBL-0
TTGTACACCATTCT-1	DBL-0
TTGTACACCCTTAT-2	DBL-0
TTGTACACGTAGGG-1	DBL-0
TTGTACACGTTTCT-1	DBL-0
TTGTACACTCTTAC-1	DBL-0
TTGTACACTGTGAC-2	DBL-0
TTGTACACTTCCAT-2	DBL-0
TTGTAGCTACCCTC-2	DBL-0
TTGTAGCTACGTAC-1	DBL-0
TTGTAGCTATGCTG-1	DBL-0
TTGTAGCTCTTCTA-2	DBL-0
TTGTAGCTGTTCGA-1	DBL-0
TTGTAGCTTCCTAT-1	DBL-0
TTGTAGCTTGACCA-2	DBL-0
TTGTAGCTTGCACA-1	DBL-0
TTGTCATGACGTTG-1	DBL-0
TTGTCATGCACACA-1	DBL-0
TTGTCATGCCCGTT-1	DBL-0
TTGTCATGCTCGAA-1	DBL-0
TTGTCATGGCGTAT-1	DBL-0
TTGTCATGGGTGGA-2	DBL-0
TTGTCATGTAGTCG-2	DBL-0
TTTAGAGAAGGGTG-2	DBL-0
TTTAGAGAATCAGC-1	DBL-0
TTTAGAGACTTGGA-1	DBL-0
TTTAGAGAGACGAG-2	DBL-0
TTTAGAGAGGGATG-1	DBL-0
TTTAGAGAGTGAGG-1	DBL-0
TTTAGAGATGCGTA-2	DBL-0
TTTAGAGATTCGTT-1	DBL-0
TTTAGCTGATCGAC-2	DBL-0
TTTAGCTGCATGCA-2	DBL-0
TTTAGCTGGACAGG-2	DBL-0
TTTAGCTGGTCTGA-1	DBL-0
TTTAGCTGTCCTGC-1	DBL-0
TTTAGCTGTCTAGG-2	DBL-0
TTTAGCTGTTATCC-1	DBL-0
TTTAGCTGTTCGCC-1	DBL-0
TTTAGGCTAACCGT-1	DBL-0
TTTAGGCTAGACTC-2	DBL-0
TTTAGGCTATCAGC-1	DBL-0
TTTAGGCTATGTGC-1	DBL-0
TTTAGGCTCTCAGA-2	DBL-0
TTTAGGCTGCAGTT-1	DBL-0
TTTAGGCTGCGATT-1	DBL-0
TTTAGGCTTGACAC-1	DBL-0
TTTAGGCTTGGTAC-1	DBL-0
TTTATCCTAGCTCA-2	DBL-0
TTTATCCTATAAGG-1	DBL-0
TTTATCCTCGTGAT-1	DBL-0
TTTATCCTGCGAAG-1	DBL-0
TTTATCCTGGTACT-1	DBL-0
TTTATCCTTAAGCC-2	DBL-0
TTTATCCTTCCGAA-1	DBL-0
TTTATCCTTCGTTT-2	DBL-0
TTTATCCTTTGGTG-2	DBL-0
TTTCACGAAGCCTA-1	DBL-0
TTTCACGAATGTCG-1	DBL-0
TTTCACGACAAAGA-1	DBL-0
TTTCACGACAATCG-2	DBL-0
TTTCACGAGGAACG-1	DBL-0
TTTCAGTGCGATAC-2	DBL-0
TTTCAGTGCTCATT-1	DBL-0
TTTCAGTGGAAAGT-2	DBL-0
TTTCAGTGTCGCCT-1	DBL-0
TTTCCAGAACGGTT-2	DBL-0
TTTCCAGAATCAGC-1	DBL-0
TTTCCAGACACTAG-1	DBL-0
TTTCCAGACCAAGT-1	DBL-0
TTTCCAGAGTAGGG-1	DBL-0
TTTCCAGAGTTTCT-1	DBL-0
TTTCCAGATGCAAC-1	DBL-0
TTTCGAACAATCGC-2	DBL-0
TTTCGAACATCGGT-2	DBL-0
TTTCGAACCTAGCA-1	DBL-0
TTTCGAACGAGACG-1	DBL-0
TTTCGAACGGACTT-1	DBL-0
TTTCGAACTAGACC-1	DBL-0
TTTCGAACTCTGGA-1	DBL-0
TTTCGAACTGTCAG-1	DBL-0
TTTCTACTAGCCAT-1	DBL-0
TTTCTACTTCTAGG-2	DBL-0
TTTCTACTTGTCGA-1	DBL-0
TTTGACTGAACAGA-2	DBL-0
TTTGACTGCTACTT-2	DBL-0
TTTGACTGCTAGCA-1	DBL-0
TTTGACTGCTTGTT-2	DBL-0
TTTGACTGGGGCAA-2	DBL-0
TTTGACTGTATGCG-2	DBL-0
TTTGCATGATCTTC-1	DBL-0
TTTGCATGCAAAGA-2	DBL-0
TTTGCATGCCTTTA-1	DBL-0
TTTGCATGGGAGCA-1	DBL-0
TTTGCATGGGAGTG-1	DBL-0
