AAACATTGCACTAG-1	1
AAACATTGGCTAAC-1	1
AAACATTGTAACCG-1	1
AAACCGTGTGGTCA-1	1
AAACCGTGTTACCT-1	1
AAACGCACACGGGA-1	1
AAACGCACGTATCG-1	1
AAACGCACTTCTAC-1	1
AAACGGCTCATTTC-1	1
AAACGGCTCCGTTC-1	1
AAACTTGATCCTTA-1	1
AAAGACGAATGACC-1	1
AAAGACGACTAGCA-1	1
AAAGACGAGGAGCA-1	1
AAAGACGATCGTTT-1	1
AAAGAGACCTACGA-1	1
AAAGAGACGATAGA-1	1
AAAGATCTGGGCAA-1	1
AAAGATCTTACAGC-1	1
AAAGCAGAACCAAC-1	1
AAAGCAGACCTCCA-1	1
AAAGCAGAGTAAAG-1	1
AAAGCCTGACGGAG-1	1
AAAGCCTGGTGCTA-1	1
AAAGCCTGTTGACG-1	1
AAAGGCCTCGAACT-1	1
AAAGGCCTGGATTC-1	1
AAAGGCCTTGACCA-1	1
AAATACTGACCTTT-1	1
AAATACTGCCAACA-1	1
AAATACTGCGATAC-1	1
AAATCCCTAACCAC-1	1
AAATCCCTCGGGAA-1	1
AAATCCCTTTTGTC-1	1
AAATGGGACTAAGC-1	1
AAATGTTGAGATGA-1	1
AAATTCGAATTTCC-1	1
AAATTCGACACTCC-1	1
AAATTCGATGTCTT-1	1
AAATTGACCATGCA-1	1
AAATTGACCTAGCA-1	1
AAATTGACGAACCT-1	1
AACAAACTACCTCC-1	1
AACAATACATCTCT-1	1
AACACGTGACCATG-1	1
AACACGTGAGTTCG-1	1
AACACGTGCCCTTG-1	1
AACACGTGCCGATA-1	1
AACACTCTAGCAAA-1	1
AACACTCTAGGCGA-1	1
AACAGAGAATTCTC-1	1
AACAGAGACTCGCT-1	1
AACAGCACTAGTCG-1	1
AACATATGCCATAG-1	1
AACATTGAACTGTG-1	1
AACCACGAAACAGA-1	1
AACCACGAAGATGA-1	1
AACCACGAATGCTG-1	1
AACCACGACTCCCA-1	1
AACCCAGACACCAA-1	1
AACCCAGATGTGAC-1	1
AACCGATGCTCAAG-1	1
AACCGATGTGTGGT-1	1
AACCGCCTGCGTAT-1	1
AACCGCCTGTTGTG-1	1
AACCTACTCATTTC-1	1
AACCTACTGAAGGC-1	1
AACCTACTGATACC-1	1
AACCTTACCCTGAA-1	1
AACCTTACTCTTTG-1	1
AACCTTTGCCTTTA-1	1
AACCTTTGGAATGA-1	1
AACCTTTGGTCTTT-1	1
AACGCAACGGCAAG-1	1
AACGCAACGGTAAA-1	1
AACGCATGCCTTCG-1	1
AACGCATGTCCAGA-1	1
AACGCCCTCCACCT-1	1
AACGCCCTGGACGA-1	1
AACGCCCTGTTGGT-1	1
AACGCCCTTGGCAT-1	1
AACGCCCTTTCGGA-1	1
AACGGTACACACAC-1	1
AACGGTACCGACAT-1	1
AACGGTACGTTGGT-1	1
AACGGTACTATTCC-1	1
AACGGTTGAGAAGT-1	1
AACGGTTGCCACAA-1	1
AACGGTTGTGCTCC-1	1
AACGTCGAGCTTCC-1	1
AACGTCGATACTCT-1	1
AACGTGTGCCCACT-1	1
AACGTGTGGTAGCT-1	1
AACGTGTGTCAGGT-1	1
AACTACCTCAACCA-1	1
AACTCACTAAGAGT-1	1
AACTCACTCGAGTT-1	1
AACTCACTGTTCTT-1	1
AACTCACTTGCCAA-1	1
AACTCTTGGAGGGT-1	1
AACTGTCTACCAAC-1	1
AACTGTCTGTTTCT-1	1
AACTGTCTTCGTAG-1	1
AACTGTCTTCTTAC-1	1
AACTTGCTATAAGG-1	1
AACTTGCTGACAAA-1	1
AACTTGCTTGATGC-1	1
AACTTGCTTTCTCA-1	1
AAGAACGACGATAC-1	1
AAGAACGAGGTAAA-1	1
AAGACAGAAGTGCT-1	1
AAGACAGATACAGC-1	1
AAGAGATGATACCG-1	1
AAGAGATGCAGATC-1	1
AAGATGGAACTGTG-1	1
AAGATGGAGAACTC-1	1
AAGATTACTGTAGC-1	1
AAGCAAGAACCGAT-1	1
AAGCAAGACTGGAT-1	1
AAGCAAGAGATACC-1	1
AAGCAAGAGATAGA-1	1
AAGCAAGAGGTTAC-1	1
AAGCCAACATTCCT-1	1
AAGCCAACCGTCTC-1	1
AAGCCAACTGTCAG-1	1
AAGCCATGAACCAC-1	1
AAGCCATGGCGGAA-1	1
AAGCCATGGTTGAC-1	1
AAGCCATGGTTTCT-1	1
AAGCCTGATTTGCT-1	1
AAGCGACTAGAGTA-1	1
AAGCGTACATTGGC-1	1
AAGCGTACGTCACA-1	1
AAGCGTACTCTTAC-1	1
AAGGCTACCTGAGT-1	1
AAGGTCACGTTTCT-1	1
AAGGTCACTAGCCA-1	1
AAGGTGCTACACTG-1	1
AAGGTGCTCAAGCT-1	1
AAGGTGCTCGAGTT-1	1
AAGGTGCTCTCTTA-1	1
AAGTAGGAAACCGT-1	1
AAGTAGGACAAGCT-1	1
AAGTATACGCCCTT-1	1
AAGTATACTATGGC-1	1
AAGTATACTCGACA-1	1
AAGTCCGATGCTCC-1	1
AAGTGCACCCTGTC-1	1
AAGTGCACTTATCC-1	1
AAGTGGCTACGACT-1	1
AAGTTATGCTCCCA-1	1
AAGTTATGGAGCAG-1	1
AAGTTATGTGGCAT-1	1
AAGTTCCTCTCGAA-1	1
AAGTTCCTGTCATG-1	1
AATAACACTGGGAG-1	1
AATAAGCTCCAAGT-1	1
AATAAGCTGACGGA-1	1
AATAAGCTGTTACG-1	1
AATACCCTTCAGTG-1	1
AATACTGAAACGAA-1	1
AATACTGATTTCAC-1	1
AATAGGGACACCAA-1	1
AATAGGGATGACTG-1	1
AATATCGACCTGAA-1	1
AATATCGACTGATG-1	1
AATATCGATCGTAG-1	1
AATCAAACGTGAGG-1	1
AATCAAACGTTCAG-1	1
AATCAAACTTCATC-1	1
AATCCGGACCACCT-1	1
AATCCGGACCTACC-1	1
AATCCGGATCGCAA-1	1
AATCCGGATTGGTG-1	1
AATCCTACTGGGAG-1	1
AATCCTTGCGAATC-1	1
AATCGGTGGAGGAC-1	1
AATCGGTGGCGTAT-1	1
AATCTAGAATCTCT-1	1
AATCTCACCTCGAA-1	1
AATCTCACGTTGTG-1	1
AATCTCTGTTGTGG-1	1
AATGAGGACCGCTT-1	1
AATGAGGACGCATA-1	1
AATGAGGATGCCTC-1	1
AATGATACAGCACT-1	1
AATGATACTACTGG-1	1
AATGCGTGGGTGAG-1	1
AATGCGTGTTTGTC-1	1
AATGGAGATAGCGT-1	1
AATGGAGATCAAGC-1	1
AATGTAACACAGCT-1	1
AATGTAACTCTCTA-1	1
AATGTTGAGGACAG-1	1
AATTCCTGAGAAGT-1	1
AATTGATGTGCACA-1	1
AATTGTGAACGTAC-1	1
ACAAAGGACTCTCG-1	1
ACAAAGGAGCGGAA-1	1
ACAAAGGATGCAAC-1	1
ACAAATTGCAAGCT-1	1
ACAAATTGCAGTCA-1	1
ACAAATTGCTTGGA-1	1
ACAAATTGTCTATC-1	1
ACAAGAGAGGACAG-1	1
ACAAGAGATAGAAG-1	1
ACAATAACTCCGAA-1	1
ACAATAACTGAACC-1	1
ACAATAACTGGTTG-1	1
ACAATAACTGTAGC-1	1
ACAATCCTAAGCCT-1	1
ACAATCCTCGAACT-1	1
ACAATTGAAGAGTA-1	1
ACAATTGAAGGTCT-1	1
ACACAGACCCCAAA-1	1
ACACAGACCCTGTC-1	1
ACACAGACGCAAGG-1	1
ACACAGACTACGCA-1	1
ACACAGACTGACTG-1	1
ACACATCTCAGATC-1	1
ACACATCTCATACG-1	1
ACACCAGAACGGTT-1	1
ACACCCTGAAAACG-1	1
ACACCCTGAGAGAT-1	1
ACACGAACGGAAGC-1	1
ACACGAACTGTGCA-1	1
ACACGATGCCATAG-1	1
ACACGTGAAATCGC-1	1
ACAGACACACGGGA-1	1
ACAGACACTGCTCC-1	1
ACAGACACTTCCAT-1	1
ACAGGTACGGTATC-1	1
ACAGGTACTAGCGT-1	1
ACAGTCGAATGACC-1	1
ACAGTCGACTACTT-1	1
ACAGTCGAGGGTGA-1	1
ACAGTGACCACTCC-1	1
ACAGTGACTGCTAG-1	1
ACAGTGTGACTAGC-1	1
ACATACCTAACTGC-1	1
ACATACCTACCATG-1	1
ACATACCTACCTTT-1	1
ACATCACTCCGAAT-1	1
ACATCACTTGTAGC-1	1
ACATGGTGATTCTC-1	1
ACATGGTGTAGTCG-1	1
ACATTCTGGGTATC-1	1
ACATTCTGGTACCA-1	1
ACCAACGACAACTG-1	1
ACCAACGAGTCTGA-1	1
ACCAACGATGCCTC-1	1
ACCACAGAACTTTC-1	1
ACCACAGACCACCT-1	1
ACCACAGATGCACA-1	1
ACCACCTGACACGT-1	1
ACCACGCTGCCAAT-1	1
ACCAGCCTGTAGCT-1	1
ACCAGCCTGTCACA-1	1
ACCAGCCTGTGTCA-1	1
ACCAGTGATACAGC-1	1
ACCAGTGATGGATC-1	1
ACCAGTGATGTCTT-1	1
ACCAGTGATTCTGT-1	1
ACCATTACACCTCC-1	1
ACCATTACCATGCA-1	1
ACCATTACGAGGCA-1	1
ACCATTACGGTGAG-1	1
ACCATTACTGTTTC-1	1
ACCATTTGCAACCA-1	1
ACCATTTGTCCTAT-1	1
ACCATTTGTGCTGA-1	1
ACCATTTGTGGTCA-1	1
ACCCAAGAGCCTTC-1	1
ACCCAAGATAGCCA-1	1
ACCCAAGATGGGAG-1	1
ACCCGTTGGATGAA-1	1
ACCCGTTGGCTTAG-1	1
ACCCTCGAGTCATG-1	1
ACCGAAACCCTTAT-1	1
ACCGAAACGAAACA-1	1
ACCGAAACGAATAG-1	1
ACCGAAACTTCGGA-1	1
ACCGCGGATCGCAA-1	1
ACCGTGCTGAGAGC-1	1
ACCTATTGAGACTC-1	1
ACCTATTGCGTCTC-1	1
ACCTCCGAAGATGA-1	1
ACCTCGTGCTGTTT-1	1
ACCTGAGACACAAC-1	1
ACCTGAGACCTACC-1	1
ACCTGAGACTGCAA-1	1
ACCTGGCTATCACG-1	1
ACCTGGCTCGTGAT-1	1
ACCTTTGATGCTTT-1	1
ACGAACACGAGCTT-1	1
ACGAACACGATAGA-1	1
ACGAACACGTCATG-1	1
ACGAAGCTGTCTAG-1	1
ACGAAGCTTGCTTT-1	1
ACGACAACGACGAG-1	1
ACGACAACTGCTAG-1	1
ACGACCCTCCTGTC-1	1
ACGACCCTTCGACA-1	1
ACGAGGGAGTTTGG-1	1
ACGAGGGATGCTAG-1	1
ACGAGGGATTGAGC-1	1
ACGAGTACAAGGGC-1	1
ACGATCGATACTCT-1	1
ACGATCGATCCTTA-1	1
ACGATGACAGGCGA-1	1
ACGATTCTAGATCC-1	1
ACGATTCTCCTACC-1	1
ACGATTCTGTTCTT-1	1
ACGCAATGAAGTGA-1	1
ACGCAATGCGACAT-1	1
ACGCACCTAAAGTG-1	1
ACGCACCTGAACCT-1	1
ACGCACCTGTAAAG-1	1
ACGCACCTGTCATG-1	1
ACGCACCTTTGCGA-1	1
ACGCACCTTTGGCA-1	1
ACGCCACTATCACG-1	1
ACGCCACTATCGTG-1	1
ACGCCACTGCCCTT-1	1
ACGCCTTGCTGTCC-1	1
ACGCGGTGCTATTC-1	1
ACGCTCACGAGGGT-1	1
ACGCTCACGTCGTA-1	1
ACGCTCACTGACAC-1	1
ACGCTCACTGCCCT-1	1
ACGCTCACTTCCCG-1	1
ACGCTGCTTCGATG-1	1
ACGCTGCTTTTCAC-1	1
ACGGAGGAAGAGTA-1	1
ACGGAGGACGCATA-1	1
ACGGAGGACGGAGA-1	1
ACGGATTGACGTAC-1	1
ACGGATTGCGTCTC-1	1
ACGGATTGGGAAAT-1	1
ACGGATTGTTTGTC-1	1
ACGGGAGAACCAGT-1	1
ACGGGAGACGGTAT-1	1
ACGGGAGAGTACCA-1	1
ACGGGAGAGTCTTT-1	1
ACGGTAACCTGCAA-1	1
ACGGTAACGTGTTG-1	1
ACGGTATGCTTAGG-1	1
ACGGTATGTACAGC-1	1
ACGGTCCTCCTGTC-1	1
ACGTAGACGGTTCA-1	1
ACGTAGACGTAAAG-1	1
ACGTAGACTTCTGT-1	1
ACGTCAGAAATCGC-1	1
ACGTCAGAAGCATC-1	1
ACGTCAGATCATTC-1	1
ACGTCGCTGCAAGG-1	1
ACGTGATGAGGTCT-1	1
ACGTGCCTAGGTTC-1	1
ACGTGCCTTGCTAG-1	1
ACGTTACTCCCAAA-1	1
ACGTTACTCCTACC-1	1
ACGTTGGACAGGAG-1	1
ACGTTGGACTATGG-1	1
ACTAAAACGCTATG-1	1
ACTACGGACCTATT-1	1
ACTACGGAGTTCAG-1	1
ACTACGGATCACGA-1	1
ACTACTACACACCA-1	1
ACTAGGTGCTCTCG-1	1
ACTAGGTGGAGGCA-1	1
ACTATCACACAGCT-1	1
ACTATCACCCATAG-1	1
ACTATCACGGCGAA-1	1
ACTATCACGGTGGA-1	1
ACTCCCGACGTGAT-1	1
ACTCCCGATCAGAC-1	1
ACTCCTCTACCTCC-1	1
ACTCCTCTGGAGGT-1	1
ACTCCTCTTGAGGG-1	1
ACTCGAGAACGACT-1	1
ACTCGAGAGTTCTT-1	1
ACTCGAGATTGCGA-1	1
ACTCGCACCGCTAA-1	1
ACTCTATGGAGACG-1	1
ACTCTATGGTAAAG-1	1
ACTCTATGTGGATC-1	1
ACTCTCCTTGCTAG-1	1
ACTGAGACAGGGTG-1	1
ACTGAGACGAAACA-1	1
ACTGAGACGAGACG-1	1
ACTGCCTGTCAAGC-1	1
ACTGTGGATGTTTC-1	1
ACTGTGGATTCGCC-1	1
ACTGTTACAGATGA-1	1
ACTGTTACTATCGG-1	1
ACTTAAGACCTTTA-1	1
ACTTAAGAGACGGA-1	1
ACTTAAGATGTTCT-1	1
ACTTAGCTATCGGT-1	1
ACTTCAACCGTTAG-1	1
ACTTCCCTACTACG-1	1
ACTTCCCTGCCTTC-1	1
ACTTCCCTTTCTGT-1	1
ACTTCTGATGGTTG-1	1
ACTTGACTCAGTCA-1	1
ACTTGACTCGAATC-1	1
ACTTGGGAACCTGA-1	1
ACTTGGGACACTGA-1	1
ACTTGTACCTTGCC-1	1
ACTTTGTGTTTCGT-1	1
AGAAACGACTGACA-1	1
AGAAAGTGGCTACA-1	1
AGAACGCTGTCAAC-1	1
AGAAGATGAACTGC-1	1
AGAAGATGGAAGGC-1	1
AGAAGATGGGACTT-1	1
AGAATACTACGGAG-1	1
AGAATACTTAACGC-1	1
AGAATGGAGTCTAG-1	1
AGAATGGATTTGGG-1	1
AGAATTTGAAGCAA-1	1
AGAATTTGACACAC-1	1
AGACACACCAGATC-1	1
AGACACACCATGCA-1	1
AGACACACCCCTTG-1	1
AGACACACTGCTAG-1	1
AGACACTGCAGAAA-1	1
AGACCTGAAGCCTA-1	1
AGACCTGACCCTCA-1	1
AGACCTGATTCAGG-1	1
AGACGTACAGTCTG-1	1
AGACTCGACACTAG-1	1
AGACTCGATACGCA-1	1
AGACTCGATTCTAC-1	1
AGACTGACGCTGAT-1	1
AGACTTCTAACCTG-1	1
AGACTTCTATAAGG-1	1
AGACTTCTATCACG-1	1
AGACTTCTCTGGAT-1	1
AGAGAAACGTGCAT-1	1
AGAGAAACTATCTC-1	1
AGAGAAACTGGTCA-1	1
AGAGAATGTTCGCC-1	1
AGAGATGAAGCGTT-1	1
AGAGATGAGCGTTA-1	1
AGAGATGATGTTTC-1	1
AGAGCGGAACGGAG-1	1
AGAGCGGATACGAC-1	1
AGAGGTCTGACAGG-1	1
AGAGTCACCGAGAG-1	1
AGATATACAAGGGC-1	1
AGATATACCAGAAA-1	1
AGATATACTAGAGA-1	1
AGATATTGCTTGGA-1	1
AGATCGTGGGAACG-1	1
AGATTAACCCTGAA-1	1
AGATTAACTCTATC-1	1
AGATTCCTAGTGCT-1	1
AGATTCCTCCTTTA-1	1
AGCAAAGAAACAGA-1	1
AGCAAAGACAGAAA-1	1
AGCAAAGAGTCCTC-1	1
AGCAAAGATTTGTC-1	1
AGCAACACCACAAC-1	1
AGCAACACCTTGAG-1	1
AGCAACACGGATTC-1	1
AGCAACACTGGTCA-1	1
AGCAACACTTACCT-1	1
AGCAAGCTGAGGCA-1	1
AGCAAGCTTGCCAA-1	1
AGCAAGCTTTGAGC-1	1
AGCACAACCAGCTA-1	1
AGCACTGACCACAA-1	1
AGCACTGATCCTGC-1	1
AGCATCGACCTTTA-1	1
AGCATCGAGTAGCT-1	1
AGCATGACGTCTAG-1	1
AGCATGACGTGTTG-1	1
AGCATTCTCCATAG-1	1
AGCATTCTTGACCA-1	1
AGCCAATGTGGAAA-1	1
AGCCAATGTTCGTT-1	1
AGCCACCTGAACTC-1	1
AGCCACCTTTGCAG-1	1
AGCCGGACGCGTTA-1	1
AGCCGGACGTAGGG-1	1
AGCCGGACTCTTCA-1	1
AGCCGTCTCCTATT-1	1
AGCCGTCTCCTGTC-1	1
AGCCGTCTCGACAT-1	1
AGCCGTCTGACAGG-1	1
AGCCTCACCGCTAA-1	1
AGCCTCACTGGTAC-1	1
AGCGATTGGAGCAG-1	1
AGCGCCGAAGTTCG-1	1
AGCGCCGACTCGCT-1	1
AGCGCCGAGTTCTT-1	1
AGCGCTCTAGTCGT-1	1
AGCGCTCTGCAGTT-1	1
AGCGGCACGGTCAT-1	1
AGCGGCACTGCTAG-1	1
AGCGGCACTGTCGA-1	1
AGCGGCTGGCATAC-1	1
AGCGGCTGTGGGAG-1	1
AGCGGGCTCCAGTA-1	1
AGCGTAACAACTGC-1	1
AGCGTAACCTCCAC-1	1
AGCGTAACGATGAA-1	1
AGCTCGCTCAGGAG-1	1
AGCTCGCTTGGCAT-1	1
AGCTGCCTAAAACG-1	1
AGCTGCCTCAAAGA-1	1
AGCTGTGAGTATGC-1	1
AGCTTACTCTTGCC-1	1
AGCTTTACGTATCG-1	1
AGGAAATGGGTTAC-1	1
AGGAAATGGTCTGA-1	1
AGGAACCTGCGGAA-1	1
AGGAACCTGGAACG-1	1
AGGAACCTTAGACC-1	1
AGGAACCTTCCCGT-1	1
AGGAATGAAAGTGA-1	1
AGGAATGAGGACTT-1	1
AGGACACTATGACC-1	1
AGGACACTGTTCTT-1	1
AGGACACTTAACCG-1	1
AGGACACTTCCTCG-1	1
AGGACACTTTTGTC-1	1
AGGACTTGAATGCC-1	1
AGGACTTGACGGGA-1	1
AGGACTTGACTGTG-1	1
AGGACTTGCCTCGT-1	1
AGGACTTGCGGAGA-1	1
AGGACTTGCTACGA-1	1
AGGACTTGTCCGTC-1	1
AGGAGTCTCCTCCA-1	1
AGGAGTCTTTCGTT-1	1
AGGATAGAGTCACA-1	1
AGGATAGATAAGGA-1	1
AGGATAGATGTTTC-1	1
AGGATAGATTCGCC-1	1
AGGATGCTCAGTCA-1	1
AGGATGCTGTGCAT-1	1
AGGCAACTCCCTTG-1	1
AGGCAACTTGCCTC-1	1
AGGCAGGAATCGTG-1	1
AGGCCTCTGACTAC-1	1
AGGCCTCTGAGATA-1	1
AGGGACGAAAACAG-1	1
AGGGACGACAGAAA-1	1
AGGGACGACGCTAA-1	1
AGGGACGAGGTCAT-1	1
AGGGAGTGCCGTTC-1	1
AGGGAGTGCTGAGT-1	1
AGGGCCACCCCAAA-1	1
AGGGCGCTACCACA-1	1
AGGGCGCTTCGTTT-1	1
AGGGTGGAGTCGAT-1	1
AGGGTTTGCGTAGT-1	1
AGGGTTTGGCGAGA-1	1
AGGTACACAGCGGA-1	1
AGGTACTGTGGAGG-1	1
AGGTCATGAGCGGA-1	1
AGGTCATGTCACCC-1	1
AGGTCTGACACTAG-1	1
AGGTCTGATCTTAC-1	1
AGGTGTTGCCGATA-1	1
AGGTGTTGGTATCG-1	1
AGGTTCGAGGTCTA-1	1
AGGTTCGAGGTTTG-1	1
AGGTTGTGACCCAA-1	1
AGGTTGTGCTCGAA-1	1
AGGTTGTGGAGGAC-1	1
AGTAAGGAAGGTCT-1	1
AGTAAGGACGTACA-1	1
AGTAAGGATACTCT-1	1
AGTAATACTGATGC-1	1
AGTAATTGTTCTGT-1	1
AGTACGTGAAGGGC-1	1
AGTACGTGCCATAG-1	1
AGTACGTGTGGAGG-1	1
AGTACTCTTCTGGA-1	1
AGTAGAGAGGCGAA-1	1
AGTAGGCTAACCTG-1	1
AGTAGGCTCCTTCG-1	1
AGTAGGCTGTTGGT-1	1
AGTATAACACTCAG-1	1
AGTATAACTAGCCA-1	1
AGTATCCTGCCTTC-1	1
AGTCACGAAAGATG-1	1
AGTCACGAACTCAG-1	1
AGTCACGAAGTCTG-1	1
AGTCACGACCCTAC-1	1
AGTCACGACTTAGG-1	1
AGTCCAGACGAGTT-1	1
AGTCCAGACTGAAC-1	1
AGTCGAACTCGTGA-1	1
AGTCGCCTCTAGTG-1	1
AGTCGCCTGAATCC-1	1
AGTCTACTCAGAGG-1	1
AGTCTACTCTCATT-1	1
AGTCTTACACTTTC-1	1
AGTGAAGAACCTAG-1	1
AGTGAAGACCACCT-1	1
AGTGAAGACCTGAA-1	1
AGTGACACGGTACT-1	1
AGTGCAACCCTAAG-1	1
AGTGCAACGCAAGG-1	1
AGTGCAACGCGAGA-1	1
AGTGTGACGATGAA-1	1
AGTGTGACTCCGTC-1	1
AGTGTGACTGTGCA-1	1
AGTGTGACTTGACG-1	1
AGTGTTCTGAATGA-1	1
AGTTAAACAACTGC-1	1
AGTTAAACCAGGAG-1	1
AGTTATGAAACGTC-1	1
AGTTATGACCAATG-1	1
AGTTATGAGAAAGT-1	1
AGTTCTACCAAGCT-1	1
AGTTCTACGTTCTT-1	1
AGTTCTTGGGTCAT-1	1
AGTTGTCTTCTTCA-1	1
AGTTTAGAAATGCC-1	1
AGTTTAGAAGGTTC-1	1
AGTTTAGAGAGGTG-1	1
AGTTTAGATCGCCT-1	1
AGTTTCACCAATCG-1	1
AGTTTCACCTGTAG-1	1
AGTTTCACTTGCGA-1	1
AGTTTGCTCTGTTT-1	1
AGTTTGCTGCGTTA-1	1
ATAAACACCACTCC-1	1
ATAAACACCACTGA-1	1
ATAAACACCCAAGT-1	1
ATAACAACTCCAGA-1	1
ATAACAACTGACCA-1	1
ATAACATGGTGCTA-1	1
ATAACATGTTAGGC-1	1
ATAACATGTTGGCA-1	1
ATAACCCTGTATGC-1	1
ATAAGTACCAGGAG-1	1
ATAAGTACCCTTGC-1	1
ATAAGTACGAGAGC-1	1
ATAAGTTGCTCAAG-1	1
ATAAGTTGTATTCC-1	1
ATAAGTTGTGCATG-1	1
ATAATCGACAACCA-1	1
ATAATGACTTGACG-1	1
ATACAATGGGCAAG-1	1
ATACAATGTCTGGA-1	1
ATACACCTGTAGCT-1	1
ATACCACTCCATGA-1	1
ATACCACTCTCATT-1	1
ATACCGGAGGATCT-1	1
ATACCGGATACAGC-1	1
ATACCGGATCCGTC-1	1
ATACCGGATGTCCC-1	1
ATACCTACCGTAAC-1	1
ATACCTACTCGACA-1	1
ATACCTTGAGGGTG-1	1
ATACCTTGCTCAGA-1	1
ATACGTCTTGCCAA-1	1
ATACGTCTTTTCGT-1	1
ATACTCTGATACCG-1	1
ATACTCTGGCGGAA-1	1
ATACTCTGTACAGC-1	1
ATAGAACTGAAACA-1	1
ATAGAACTTCGCTC-1	1
ATAGATACCTGGAT-1	1
ATAGATACCTTGGA-1	1
ATAGATACTGTAGC-1	1
ATAGATTGGCTAAC-1	1
ATAGCCGACCCTCA-1	1
ATAGCCGACTTGTT-1	1
ATAGCGTGGACAGG-1	1
ATAGCTCTGAACCT-1	1
ATAGGAGAAACTGC-1	1
ATAGGCTGAGTTCG-1	1
ATAGGCTGATCGTG-1	1
ATAGGCTGGCGAGA-1	1
ATAGGCTGTGTCTT-1	1
ATAGTCCTAGAGTA-1	1
ATAGTCCTCGACAT-1	1
ATAGTTGAGACGAG-1	1
ATAGTTGATTCTGT-1	1
ATATACGACTTCCG-1	1
ATATAGTGACACAC-1	1
ATATAGTGGTAGGG-1	1
ATATGCCTCCACCT-1	1
ATATGCCTCTGTGA-1	1
ATCAAATGACGTAC-1	1
ATCAACCTGCCTTC-1	1
ATCAACCTGGTGGA-1	1
ATCACACTAAGGTA-1	1
ATCACACTCCAACA-1	1
ATCACACTTCTCAT-1	1
ATCACGGACCTTAT-1	1
ATCACTACATCGTG-1	1
ATCACTACGCTATG-1	1
ATCACTTGCAGAAA-1	1
ATCACTTGGGAACG-1	1
ATCACTTGTAAAGG-1	1
ATCAGGTGACACGT-2	1
ATCAGGTGGAGATA-1	1
ATCAGGTGGCATCA-1	1
ATCAGGTGGTTCTT-1	1
ATCATCTGACGTGT-1	1
ATCATGCTGAAGGC-1	1
ATCATGCTGTCGAT-1	1
ATCATGCTTACTCT-1	1
ATCATGCTTGCGTA-1	1
ATCCAGGAGACTAC-1	1
ATCCAGGAGCAAGG-1	1
ATCCATACCAACCA-1	1
ATCCATACCGCAAT-1	1
ATCCCGTGGTTAGC-1	1
ATCCCGTGTGTAGC-1	1
ATCCGCACTAACCG-1	1
ATCCTAACAAACAG-1	1
ATCCTAACCAGAAA-1	1
ATCCTAACTAACCG-1	1
ATCCTAACTCTACT-1	1
ATCGACGAGCAGAG-1	1
ATCGACGATCGCTC-1	1
ATCGACGATCGTGA-1	1
ATCGACGATGTTCT-1	1
ATCGAGTGAAGCCT-1	1
ATCGCAGACGGAGA-1	1
ATCGCAGATTCAGG-1	1
ATCGCCACGAATCC-1	1
ATCGCCTGCGAATC-1	1
ATCGCCTGCTGTAG-1	1
ATCGCGCTCCTATT-1	1
ATCGCGCTGTGCTA-1	1
ATCGGAACACGCTA-1	1
ATCGGAACGCGGAA-1	1
ATCGGTGAACGGGA-1	1
ATCGGTGAGCCCTT-1	1
ATCGGTGATCCTCG-1	1
ATCGGTGATTAGGC-1	1
ATCGTTTGCTTATC-1	1
ATCTACACCGATAC-1	1
ATCTACACTTCTGT-1	1
ATCTACTGCAGAAA-1	1
ATCTACTGCCTTTA-1	1
ATCTACTGCTCAAG-1	1
ATCTCAACGGTTTG-1	1
ATCTGACTTAGACC-1	1
ATCTGACTTCTTCA-1	1
ATCTGACTTTTCTG-1	1
ATCTGGGATATTCC-1	1
ATCTGGGATCAGTG-1	1
ATCTGTTGCTCAGA-1	1
ATCTTGACCGTTGA-1	1
ATCTTTCTGAGCTT-1	1
ATCTTTCTGCGGAA-1	1
ATGAAACTGTAGGG-1	1
ATGAAACTTCCTTA-1	1
ATGAAACTTGTTTC-1	1
ATGAAGGAGTTGGT-1	1
ATGAGAGAAGTCTG-1	1
ATGAGAGACCGATA-1	1
ATGAGAGATACAGC-1	1
ATGAGAGATGCATG-1	1
ATGAGCACACCACA-1	1
ATGAGCACCTTAGG-1	1
ATGAGCACGGAGGT-1	1
ATGATAACAACGTC-1	1
ATGATAACGGTTAC-1	1
ATGCACGAAGACTC-1	1
ATGCACGACCCTTG-1	1
ATGCACGAGCTCCT-1	1
ATGCAGTGTCCTCG-1	1
ATGCCAGATCTTAC-1	1
ATGCCGCTTACTGG-1	1
ATGCGCCTAAGTGA-1	1
ATGCGCCTAGAAGT-1	1
ATGCGCCTGTCGAT-1	1
ATGGACACAACTGC-1	1
ATGGACACCTCAAG-1	1
ATGGACACGGAGCA-1	1
ATGGACACTGGAGG-1	1
ATGGACACTTCTCA-1	1
ATGGTGACCCTCCA-1	1
ATGTAAACCGGAGA-1	1
ATGTAAACGAGGTG-1	1
ATGTAAACGTCTGA-1	1
ATGTAAACTAAAGG-1	1
ATGTACCTATGTCG-1	1
ATGTACCTCTCAAG-1	1
ATGTACCTGTGTTG-1	1
ATGTCACTGGACTT-1	1
ATGTCACTGGATCT-1	1
ATGTCACTGTCGAT-1	1
ATGTCACTTGAAGA-1	1
ATGTCACTTTTGCT-1	1
ATGTTAGATGGCAT-1	1
ATGTTCACCCTTGC-1	1
ATGTTGCTCAGAGG-1	1
ATGTTGCTCGGGAA-1	1
ATTAACGAACTACG-1	1
ATTAAGACAACCGT-1	1
ATTAAGACACGCTA-1	1
ATTACCACAGAAGT-1	1
ATTACCACATCACG-1	1
ATTACCACCTAGTG-1	1
ATTACCTGAGTACC-1	1
ATTACCTGGTTGGT-1	1
ATTACCTGTTTCTG-1	1
ATTAGTGAAGCGGA-1	1
ATTAGTGACACTTT-1	1
ATTAGTGACCTAAG-1	1
ATTAGTGACGTGTA-1	1
ATTATGGACTTACT-1	1
ATTATGGATAGCGT-1	1
ATTCAAGAAACCAC-1	1
ATTCAAGAGCGATT-1	1
ATTCAAGAGTCTAG-1	1
ATTCAAGATGCTGA-1	1
ATTCAGCTCCTTCG-1	1
ATTCAGCTCTCCCA-1	1
ATTCAGCTGTCCTC-1	1
ATTCCAACTGAAGA-1	1
ATTCCATGACCTGA-1	1
ATTCCATGGCCCTT-1	1
ATTCGGGACATGGT-1	1
ATTCGGGACGCAAT-1	1
ATTCTGACCCTCGT-1	1
ATTCTTCTGAAAGT-1	1
ATTGAAACCCGATA-1	1
ATTGAAACCGAGAG-1	1
ATTGAAACGCGAAG-1	1
ATTGAATGCTCGAA-1	1
ATTGAATGGTCTAG-1	1
ATTGAATGTCCCAC-1	1
ATTGCACTATGCTG-1	1
ATTGCTACTTGCTT-1	1
ATTGCTTGCTTGTT-1	1
ATTGCTTGTCGCTC-1	1
ATTGGGTGACCCTC-1	1
ATTGGTCTAACTGC-1	1
ATTGGTCTCATTGG-1	1
ATTGGTCTGGGCAA-1	1
ATTGGTCTTGTGGT-1	1
ATTGTAGAAACAGA-1	1
ATTGTCTGACTGGT-1	1
ATTGTCTGAGCTCA-1	1
ATTGTCTGAGGGTG-1	1
ATTGTCTGCGACAT-1	1
ATTTAGGAAACGTC-1	1
ATTTAGGATGACCA-1	1
ATTTCCGAAGCTCA-1	1
ATTTCCGAGACTAC-1	1
ATTTCCGATCAGTG-1	1
ATTTCGTGGGACAG-1	1
ATTTCTCTCTTCGC-1	1
ATTTCTCTTCCGTC-1	1
ATTTGCACGGTTAC-1	1
CAAAGCACGATGAA-1	1
CAAAGCACGTCGTA-1	1
CAAAGCTGAGAATG-1	1
CAAAGCTGATCTTC-1	1
CAAAGCTGCCAACA-1	1
CAAAGCTGGAATGA-1	1
CAAATATGAACTGC-1	1
CAAATTGAAGAGGC-1	1
CAAATTGAAGAGTA-1	1
CAAATTGACTCAAG-1	1
CAAATTGAGTAAGA-1	1
CAAATTGATTCAGG-1	1
CAACAGACCGAATC-1	1
CAACCAGACCTGAA-1	1
CAACCAGATAGAAG-1	1
CAACCGCTACACAC-1	1
CAACGAACAGTGCT-1	1
CAACGATGCAGAAA-1	1
CAACGATGCTCATT-1	1
CAACGATGGTCTTT-1	1
CAACGATGTCGATG-1	1
CAACGTGAAAGAAC-1	1
CAACGTGAAGTACC-1	1
CAACGTGATTCTCA-1	1
CAACTTTGGACGGA-1	1
CAAGAAGATGCAGT-1	1
CAAGACACGTTGAC-1	1
CAAGACTGGTTCGA-1	1
CAAGACTGTGGGAG-1	1
CAAGCATGAAGATG-1	1
CAAGCTGATAGACC-1	1
CAAGCTGATGAGAA-1	1
CAAGCTGATGGATC-1	1
CAAGGACTACCCAA-1	1
CAAGGACTCGAACT-1	1
CAAGGACTTAGAAG-1	1
CAAGGACTTGAGGG-1	1
CAAGTCGAAGCACT-1	1
CAAGTCGAGCCAAT-1	1
CAAGTCGAGGGACA-1	1
CAAGTCGATCGCAA-1	1
CAAGTTCTCGGAGA-1	1
CAAGTTCTGTATGC-1	1
CAAGTTCTGTTTCT-1	1
CAAGTTCTTGGATC-1	1
CAATAAACTGAGCT-1	1
CAATATGAGTCAAC-1	1
CAATATGATGTAGC-1	1
CAATCGGAGGTGGA-1	1
CAATCGGATGGTGT-1	1
CAATCGGATTGCTT-1	1
CAATCTACCGTAGT-1	1
CAATCTACCTTCCG-1	1
CAATCTACGATGAA-1	1
CAATCTACGGTTAC-1	1
CAATCTACGTACGT-1	1
CAATGGACTCTCAT-1	1
CAATGGACTTTCTG-1	1
CAATGGACTTTGCT-1	1
CAATTCTGATCAGC-1	1
CAATTCTGCTAGCA-1	1
CACAACGAAGTCAC-1	1
CACAACGACAGATC-1	1
CACACCTGCAGGAG-1	1
CACACCTGCTTATC-1	1
CACACCTGGTCCTC-1	1
CACAGAACGAACCT-1	1
CACAGATGCCATAG-1	1
CACAGATGTGAAGA-1	1
CACAGCCTAGCATC-1	1
CACAGCCTGCAGTT-1	1
CACAGCCTTAAGGA-1	1
CACATACTAAGTGA-1	1
CACATACTTCAGTG-1	1
CACATACTTCCAGA-1	1
CACATACTTCCGAA-1	1
CACATGGACTTATC-1	1
CACATGGATTGGTG-1	1
CACCACTGACAGCT-1	1
CACCACTGGGCATT-1	1
CACCACTGTGGTGT-1	1
CACCGGGACGTACA-1	1
CACCGGGACTTGAG-1	1
CACCGTACATCGGT-1	1
CACCGTACATGCCA-1	1
CACCGTACTGCCCT-1	1
CACCGTACTTCTCA-1	1
CACCGTTGATGTGC-1	1
CACCGTTGCTGCTC-1	1
CACCGTTGGGTTCA-1	1
CACCGTTGGTCTGA-1	1
CACCGTTGTCGTTT-1	1
CACGAAACACCTGA-1	1
CACGAAACCACACA-1	1
CACGAAACTGCTCC-1	1
CACGACCTACACTG-1	1
CACGACCTGACGTT-1	1
CACGATGAGCTGTA-1	1
CACGATGATGTTCT-1	1
CACGCTACACAGCT-1	1
CACGCTACGCATCA-1	1
CACGCTACTCACCC-1	1
CACGGGACCTAAGC-1	1
CACGGGACTCAGGT-1	1
CACGGGTGCATTCT-1	1
CACTAACTGTCTGA-1	1
CACTAGGAAACGGG-1	1
CACTAGGACATCAG-1	1
CACTAGGATAAGCC-1	1
CACTAGGATGAGCT-1	1
CACTATACACACAC-1	1
CACTATACGGTCTA-1	1
CACTCCGAGGTCTA-1	1
CACTCCGAGTCACA-1	1
CACTGAGAAAGGCG-1	1
CACTGAGACAGCTA-1	1
CACTGAGACTCTTA-1	1
CACTGCACACCCAA-1	1
CACTGCACCGGAGA-1	1
CACTGCACGAGACG-1	1
CACTGCACTTCTCA-1	1
CACTTAACGGAAGC-1	1
CACTTAACTGACCA-1	1
CACTTATGTTGTGG-1	1
CACTTTGACCTGTC-1	1
CACTTTGATGACCA-1	1
CAGAAGCTACACGT-1	1
CAGACATGTAGCCA-1	1
CAGACCCTGTATCG-1	1
CAGACTGAATAAGG-1	1
CAGACTGACGACTA-1	1
CAGACTGATTGTGG-1	1
CAGAGGGATACTCT-1	1
CAGAGGGATACTGG-1	1
CAGATCGAACGACT-1	1
CAGATCGATTGCTT-1	1
CAGATGACGAACTC-1	1
CAGATGACGATAGA-1	1
CAGCAATGACTTTC-1	1
CAGCAATGGGTATC-1	1
CAGCACCTTGACCA-1	1
CAGCATGAACCGAT-1	1
CAGCATGAGCAGAG-1	1
CAGCATGATCAGTG-1	1
CAGCCTACCATTTC-1	1
CAGCGGACACCAAC-1	1
CAGCGGACGCTTAG-1	1
CAGCGGACGGCATT-1	1
CAGCGTCTAACCTG-1	1
CAGCGTCTAGACTC-1	1
CAGCGTCTCTTCCG-1	1
CAGCGTCTGCGGAA-1	1
CAGCGTCTTGAGGG-1	1
CAGCGTCTTGCAGT-1	1
CAGCTAGAACCCTC-1	1
CAGCTAGAGAGGGT-1	1
CAGCTAGATATCGG-1	1
CAGCTCACCGAGTT-1	1
CAGCTCTGAGGAGC-1	1
CAGGAACTTTCGTT-1	1
CAGGCCGAGCCCTT-1	1
CAGGCCGATCAGAC-1	1
CAGGGCACCATACG-1	1
CAGGGCACGGACGA-1	1
CAGGGCACGGGCAA-1	1
CAGGGCACGGTAGG-1	1
CAGGGCACTGACTG-1	1
CAGGTAACTGATGC-1	1
CAGGTATGGTTTGG-1	1
CAGGTTGAAGAGGC-1	1
CAGTGATGACCCTC-1	1
CAGTGATGACCTTT-1	1
CAGTGATGATCGGT-1	1
CAGTGATGCCTTAT-1	1
CAGTTACTGGTATC-1	1
CAGTTGGAATGTCG-1	1
CAGTTGGACCAGTA-1	1
CAGTTGGAGGAAAT-1	1
CAGTTTACGAAGGC-1	1
CATACTACCGACAT-1	1
CATACTACTGCTGA-1	1
CATACTACTGGTAC-1	1
CATACTTGACAGCT-1	1
CATACTTGATTCTC-1	1
CATACTTGCTCCAC-1	1
CATACTTGTGGGAG-1	1
CATAGTCTCCCTAC-1	1
CATATAGAGGTGGA-1	1
CATCAACTATAAGG-1	1
CATCAACTCCGATA-1	1
CATCAACTGAGATA-1	1
CATCAACTGTGTTG-1	1
CATCAGGACTCTCG-1	1
CATCAGGAGGTCTA-1	1
CATCATACCTCCAC-1	1
CATCCCGAAGTCTG-1	1
CATCCCGACATGCA-1	1
CATCCCGACATTTC-1	1
CATCCCGAGCGAAG-1	1
CATCGCTGCAGCTA-1	1
CATCGGCTGATAAG-1	1
CATCGGCTGGTCTA-1	1
CATCTCCTAACGAA-1	1
CATCTCCTCATACG-1	1
CATCTCCTCCCTAC-1	1
CATCTCCTCGGTAT-1	1
CATCTCCTCTACTT-1	1
CATCTTGAAGAACA-1	1
CATCTTGACTCATT-1	1
CATCTTGAGGTACT-1	1
CATGAGACACGGTT-1	1
CATGAGACGGATTC-1	1
CATGAGACTTCTGT-1	1
CATGCCACCATCAG-1	1
CATGCCACGGACAG-1	1
CATGGCCTATCGAC-1	1
CATGTTACGGAACG-1	1
CATGTTTGACCTGA-1	1
CATGTTTGCAGAGG-1	1
CATTACACGCTTAG-1	1
CATTACACTTGTCT-1	1
CATTAGCTCCATAG-1	1
CATTAGCTCCCTTG-1	1
CATTAGCTCCTAAG-1	1
CATTAGCTTGGGAG-1	1
CATTCCCTCTGTAG-1	1
CATTCCCTCTTATC-1	1
CATTCCCTGGAGCA-1	1
CATTCCCTTCAGTG-1	1
CATTCCCTTCTACT-1	1
CATTGACTCGAGAG-1	1
CATTGACTTTGCGA-1	1
CATTGGGATTGAGC-1	1
CATTGGGATTGCGA-1	1
CATTTCGACCTACC-1	1
CATTTCGATCCTGC-1	1
CATTTCGATGAACC-1	1
CATTTGACAGAGGC-1	1
CATTTGACGTTAGC-1	1
CATTTGACTATCTC-1	1
CATTTGTGACTGTG-1	1
CATTTGTGCATGGT-1	1
CCAAAGTGCTGTAG-1	1
CCAAAGTGGGCATT-1	1
CCAACCTGCGCATA-1	1
CCAACCTGTAGTCG-1	1
CCAAGATGTGACTG-1	1
CCAAGTGAAGCGGA-1	1
CCAAGTGACACCAA-1	1
CCAAGTGACGAGTT-1	1
CCAAGTGATGCCAA-1	1
CCAAGTGATTCTTG-1	1
CCAATGGAACTCAG-1	1
CCAATGGAGCTATG-1	1
CCAATTTGAGCAAA-1	1
CCAATTTGCGTCTC-1	1
CCAATTTGGTTCAG-1	1
CCAATTTGTACGAC-1	1
CCACGGGAAAAGCA-1	1
CCACGGGAACACGT-1	1
CCACGGGAAGGAGC-1	1
CCACTGACGCATAC-1	1
CCACTGTGCTCTCG-1	1
CCAGAAACATCGAC-1	1
CCAGAAACTTGTGG-1	1
CCAGACCTCTTGAG-1	1
CCAGATGAAAGGTA-1	1
CCAGATGACTGCTC-1	1
CCAGCACTGCGTTA-1	1
CCAGCGGAGCGATT-1	1
CCAGCGGATCCGAA-1	1
CCAGCTACCCAACA-1	1
CCAGCTACGAAAGT-1	1
CCAGGTCTCCACCT-1	1
CCAGTCACCCTCCA-1	1
CCAGTCACCCTTCG-1	1
CCAGTCACGCGAAG-1	1
CCAGTCACGTTACG-1	1
CCAGTCTGGTCTTT-1	1
CCAGTGCTCACAAC-1	1
CCAGTGCTTCAGGT-1	1
CCAGTGCTTCTAGG-1	1
CCAGTGCTTTGGCA-1	1
CCATAGGAAAGATG-1	1
CCATAGGACGCATA-1	1
CCATAGGACTCAGA-1	1
CCATAGGAGGAACG-1	1
CCATAGGAGTTCGA-1	1
CCATATACAGCCAT-1	1
CCATATACGTCAAC-1	1
CCATATACTCAAGC-1	1
CCATCCGAGTAGGG-1	1
CCATCCGATCGCTC-1	1
CCATCGTGCTACTT-1	1
CCATCGTGGAATAG-1	1
CCATGCTGCTAAGC-1	1
CCATGCTGTTCATC-1	1
CCATTAACACTGTG-1	1
CCCAAAGACTGGTA-1	1
CCCAAAGAGGTCAT-1	1
CCCAAAGATCTCAT-1	1
CCCAACACCCTCAC-1	1
CCCAACACTATGCG-1	1
CCCAACTGCCTACC-1	1
CCCAACTGCTAGAC-1	1
CCCAACTGGGAAGC-1	1
CCCAACTGTGTCCC-1	1
CCCACATGTGTCGA-1	1
CCCAGACTACGGAG-1	1
CCCAGACTCCTTTA-1	1
CCCAGACTGTCCTC-1	1
CCCAGTTGCTCTTA-1	1
CCCATCGAAAAACG-1	1
CCCATCGACGGTAT-1	1
CCCATCGAGGTTAC-1	1
CCCATCGATCGCCT-1	1
CCCGAACTGAGCAG-1	1
CCCGAACTTTCATC-1	1
CCCGGAGAACGGAG-1	1
CCCTACGAGTGCAT-1	1
CCCTACGATTGCAG-1	1
CCCTAGTGTGGAAA-1	1
CCCTCAGAACACTG-1	1
CCCTGAACAATCGC-1	1
CCCTGAACTCTTAC-1	1
CCCTGAACTGCCTC-1	1
CCCTGATGGCTATG-1	1
CCCTGATGTCGTGA-1	1
CCCTTACTTCGTGA-1	1
CCGAAAACCAGAAA-1	1
CCGAAAACCTAGAC-1	1
CCGAAAACGGGCAA-1	1
CCGACTACGGTTCA-1	1
CCGATAGACGCAAT-1	1
CCGCGAGAACCATG-1	1
CCGCGAGAAGGTTC-1	1
CCGCGAGAGAACTC-1	1
CCGCTATGAAAGCA-1	1
CCGCTATGTAGAGA-1	1
CCGGAGACCTTAGG-1	1
CCGGAGACGAGGAC-1	1
CCGGAGACTTGTCT-1	1
CCGGAGTGCGACAT-1	1
CCGGAGTGCGTGAT-1	1
CCGGAGTGGTACAC-1	1
CCGGTACTTCTACT-1	1
CCGTAAGATGATGC-1	1
CCGTACACGCCATA-1	1
CCGTACACGGACTT-1	1
CCGTACACGTTGGT-1	1
CCGTACACTTTGCT-1	1
CCTAAACTCCATGA-1	1
CCTAAACTCTGTAG-1	1
CCTAAACTTTTCGT-1	1
CCTAAGGAGCCAAT-1	1
CCTACCGAACCTCC-1	1
CCTAGAGAAGTGTC-1	1
CCTAGAGACGTAGT-1	1
CCTAGAGAGCTGAT-1	1
CCTAGAGATATCGG-1	1
CCTAGAGATGCGTA-1	1
CCTATAACTAGTCG-1	1
CCTATTGATCAGAC-1	1
CCTCATCTCAAGCT-1	1
CCTCATCTCATTGG-1	1
CCTCGAACGATACC-1	1
CCTGACTGAGCAAA-1	1
CCTGACTGATAAGG-1	1
CCTGACTGCTGTCC-1	1
CCTGAGCTGAATGA-1	1
CCTGAGCTTATGGC-1	1
CCTGCAACCTCCCA-1	1
CCTGCAACCTTGGA-1	1
CCTGCAACGTGTCA-1	1
CCTGGACTAAGCCT-1	1
CCTGGACTCGTTGA-1	1
CCTGGACTCTCATT-1	1
CCTGGACTGGACAG-1	1
CCTGGACTTAGTCG-1	1
CCTTCACTATACCG-1	1
CCTTCACTCAAAGA-1	1
CCTTCACTTCGACA-1	1
CCTTTAGACACACA-1	1
CCTTTAGACACTGA-1	1
CGAACATGACGGGA-1	1
CGAAGACTCCGTAA-1	1
CGAAGACTGGACTT-1	1
CGAAGACTTGCACA-1	1
CGAAGGGATATCGG-1	1
CGAAGGGATATGGC-1	1
CGAATCGACCAGTA-1	1
CGAATCGACTGAAC-1	1
CGAATCGATAGCGT-1	1
CGACAAACCCCGTT-1	1
CGACAAACCTACGA-1	1
CGACAAACCTGCAA-1	1
CGACCACTCCTGTC-1	1
CGACCACTTCTACT-1	1
CGACCACTTGTGGT-1	1
CGACCGGAATACCG-1	1
CGACCTTGAGTCGT-1	1
CGACCTTGATCAGC-1	1
CGACCTTGCTTCTA-1	1
CGACGTCTAGGTTC-1	1
CGACGTCTCCTCCA-1	1
CGACTCACCCCTTG-1	1
CGACTCACGAATAG-1	1
CGACTCACGCTGAT-1	1
CGACTCTGAGTGCT-1	1
CGACTCTGTTCTCA-1	1
CGACTGCTTCCTAT-1	1
CGACTGCTTTTCAC-1	1
CGAGAACTGACGGA-1	1
CGAGAACTTTCCAT-1	1
CGAGCCGAGTCCTC-1	1
CGAGCGTGGAAACA-1	1
CGAGGAGAATGCTG-1	1
CGAGGAGATACTGG-1	1
CGAGGAGATCTGGA-1	1
CGAGGCACACACTG-1	1
CGAGGCACCCCACT-1	1
CGAGGCACGAATCC-1	1
CGAGGCTGCCTATT-1	1
CGAGGCTGGAAAGT-1	1
CGAGGCTGGGAGCA-1	1
CGAGGGCTGGACTT-1	1
CGAGGGCTTCGCAA-1	1
CGAGTATGAAGGGC-1	1
CGAGTATGGCTAAC-1	1
CGAGTATGGTAGGG-1	1
CGATACGAACAGCT-1	1
CGATACGAAGAATG-1	1
CGATACGAGTTGAC-1	1
CGATAGACCAGGAG-1	1
CGATAGACGTTGGT-1	1
CGATCAGACCTAAG-1	1
CGATCAGATCGCTC-1	1
CGATCCACCAGGAG-1	1
CGCAAATGAGGAGC-1	1
CGCAAATGCTGACA-1	1
CGCAAATGTTTGTC-1	1
CGCACGGATGAGAA-1	1
CGCAGGACGACGAG-1	1
CGCAGGACGCGTAT-1	1
CGCAGGTGGGTTAC-1	1
CGCAGGTGGTGCTA-1	1
CGCAGGTGTACAGC-1	1
CGCATAGAACCACA-1	1
CGCATAGACTGATG-1	1
CGCATAGATAGACC-1	1
CGCCATACAGTCAC-1	1
CGCCATACATCAGC-1	1
CGCCATACGAAAGT-1	1
CGCCATACTTCGTT-1	1
CGCCGAGACTCGCT-1	1
CGCCTAACTCCGAA-1	1
CGCCTAACTCTCAT-1	1
CGCGAGACATCTCT-1	1
CGCGAGACATCTTC-1	1
CGCGAGACATTTCC-1	1
CGCGAGACTCAAGC-1	1
CGCGAGACTCTCGC-1	1
CGCGATCTTGTCGA-1	1
CGCGATCTTTGCAG-1	1
CGCTAAGAATGCTG-1	1
CGCTAAGACTAGCA-1	1
CGCTAAGAGCGGAA-1	1
CGCTACACCGGGAA-1	1
CGCTACTGCTGTTT-1	1
CGCTACTGTCTATC-1	1
CGCTCATGACCCTC-1	1
CGGAATTGGAATGA-1	1
CGGACTCTGTGCTA-1	1
CGGAGGCTAGTGTC-1	1
CGGAGGCTCTGACA-1	1
CGGAGGCTGTGTCA-1	1
CGGAGGCTTTTGTC-1	1
CGGATAACCTCTAT-1	1
CGGATATGACGTTG-1	1
CGGATATGATGACC-1	1
CGGCACGATGCAAC-1	1
CGGCCAGACTCAGA-1	1
CGGCGAACCTCAGA-1	1
CGGCGAACTATCGG-1	1
CGGCGATGCTAGCA-1	1
CGGCGATGCTTACT-1	1
CGGGACTGCTGCTC-1	1
CGGGCATGTGGGAG-1	1
CGGTAAACCTAAGC-1	1
CGGTACCTACACGT-1	1
CGGTACCTACGCTA-1	1
CGGTACCTGTCATG-1	1
CGGTCACTATGGTC-1	1
CGGTCACTTTGACG-1	1
CGTAACGAATGACC-1	1
CGTAACGACGACTA-1	1
CGTACAGATCGTTT-1	1
CGTACCACAAACGA-1	1
CGTACCACAGCCTA-1	1
CGTACCACTCGTAG-1	1
CGTACCTGAAGATG-1	1
CGTACCTGCATCAG-1	1
CGTACCTGCTTCCG-1	1
CGTAGCCTCTCCCA-1	1
CGTAGCCTTCTCAT-1	1
CGTAGCCTTGAACC-1	1
CGTCAAGAGGTCTA-1	1
CGTCAAGAGTGTTG-1	1
CGTCCAACAAGGGC-1	1
CGTCCAACCGAGAG-1	1
CGTCCAACCTCAAG-1	1
CGTCCAACGGATTC-1	1
CGTCCAACGTGTTG-1	1
CGTCCATGAACTGC-1	1
CGTCCATGTCCTAT-1	1
CGTCCATGTCTTTG-1	1
CGTCGACTACACCA-1	1
CGTCGACTATAAGG-1	1
CGTCGACTCAACTG-1	1
CGTCGACTTATCTC-1	1
CGTGAAACCATTCT-1	1
CGTGAAACGTCGAT-1	1
CGTGAATGTGTGGT-1	1
CGTGCACTCTGTCC-1	1
CGTGTAGAAGTGTC-1	1
CGTGTAGACGAGTT-1	1
CGTGTAGACTACGA-1	1
CGTTAACTAGCATC-1	1
CGTTAACTTTGTGG-1	1
CGTTAGGAGGTATC-1	1
CGTTAGGAGTTTGG-1	1
CGTTATACCCCTCA-1	1
CGTTATACGACAAA-1	1
CGTTATACTCACGA-1	1
CGTTTAACGAGGTG-1	1
CTAAACCTTTCGGA-1	1
CTAAACCTTTGTCT-1	1
CTAAACCTTTGTGG-1	1
CTAACACTTCTATC-1	1
CTAACGGAAGTCGT-1	1
CTAACTACCCAACA-1	1
CTAAGGACAGCCTA-1	1
CTAAGGACCATGCA-1	1
CTAAGGACCATGGT-1	1
CTAAGGACCTCATT-1	1
CTAAGGTGTTCTGT-1	1
CTAATAGACTCAGA-1	1
CTAATGCTACGGGA-1	1
CTAATGCTCAAGCT-1	1
CTACAACTGTATGC-1	1
CTACCTCTCCAGTA-1	1
CTACCTCTCCTGAA-1	1
CTACCTCTTTTCGT-1	1
CTACGCACCTGCTC-1	1
CTACGCACTCTCGC-1	1
CTACGGCTTCCTTA-1	1
CTACTATGAGCCTA-1	1
CTACTATGGTGCAT-1	1
CTAGAGACCTACTT-1	1
CTAGATCTGTCTGA-1	1
CTAGATCTTTGGCA-1	1
CTAGGATGCCTTAT-1	1
CTAGGATGTATCTC-1	1
CTAGGCCTATTCTC-1	1
CTAGGTGACAGAAA-1	1
CTAGGTGAGGTAGG-1	1
CTAGTTACAGATGA-1	1
CTAGTTACTGACAC-1	1
CTAGTTACTGACCA-1	1
CTAGTTTGCTCGCT-1	1
CTATAAGATGGTCA-1	1
CTATACTGTAGCGT-1	1
CTATAGCTAGGCGA-1	1
CTATAGCTGAACTC-1	1
CTATAGCTTGAGCT-1	1
CTATCAACAATCGC-1	1
CTATCAACCAGCTA-1	1
CTATCAACTAGAGA-1	1
CTATCAACTCGATG-1	1
CTATCATGCTGATG-1	1
CTATCATGGCTATG-1	1
CTATCCCTGCAGAG-1	1
CTATCCCTGGTACT-1	1
CTATCCCTTGAGAA-1	1
CTATCCCTTGTGCA-1	1
CTATGACTGCGTTA-1	1
CTATGACTGTCTTT-1	1
CTATGACTTGCGTA-1	1
CTATGTTGATTGGC-1	1
CTATGTTGCCTGAA-1	1
CTATGTTGCTGGAT-1	1
CTATGTTGGCAGTT-1	1
CTATTGACGACAAA-1	1
CTATTGTGGGAACG-1	1
CTCAATTGCGCAAT-1	1
CTCAATTGCTCGAA-1	1
CTCAGAGACGAGAG-1	1
CTCAGAGATGCCCT-1	1
CTCAGCACAACGGG-1	1
CTCAGCACCATGGT-1	1
CTCAGCACCTACTT-1	1
CTCAGCTGTGCTGA-1	1
CTCAGGCTCTCATT-1	1
CTCAGGCTCTCTAT-1	1
CTCATTGAAGCTAC-1	1
CTCATTGACTGTTT-1	1
CTCATTGAGAGACG-1	1
CTCCACGAATTTCC-1	1
CTCCACGATGGAAA-1	1
CTCCATCTATTCTC-1	1
CTCCGAACACCCTC-1	1
CTCCGAACGGTACT-1	1
CTCGAAGAATGACC-1	1
CTCGAAGAGGTCAT-1	1
CTCGACACACACCA-1	1
CTCGACACACAGTC-1	1
CTCGACACACCAGT-1	1
CTCGACACGTTAGC-1	1
CTCGACACTGTGAC-1	1
CTCGACTGAACCTG-1	1
CTCGACTGACCGAT-1	1
CTCGACTGCTGTAG-1	1
CTCGACTGTATCTC-1	1
CTCGAGCTGGTGGA-1	1
CTCTAATGCCACAA-1	1
CTCTAATGCGACAT-1	1
CTCTAATGGACGAG-1	1
CTGAACGACCTGAA-1	1
CTGAACGACGTGTA-1	1
CTGAAGACAGGCGA-1	1
CTGAAGACCTACCC-1	1
CTGAAGACTCATTC-1	1
CTGAAGTGCCTTTA-1	1
CTGAATCTAGCTAC-1	1
CTGAATCTGGTTCA-1	1
CTGACAGACCGCTT-1	1
CTGACAGACGTTGA-1	1
CTGACAGAGAATAG-1	1
CTGACAGATAAAGG-1	1
CTGAGAACAACGTC-1	1
CTGAGAACAGTACC-1	1
CTGAGCCTCAGATC-1	1
CTGAGCCTGTAGGG-1	1
CTGATACTACGTAC-1	1
CTGATACTGAGACG-1	1
CTGATACTGCGAAG-1	1
CTGATGGATCGCAA-1	1
CTGATTTGACGCAT-1	1
CTGATTTGATGTCG-1	1
CTGATTTGCGTAAC-1	1
CTGATTTGTTAGGC-1	1
CTGCAGCTGCAGAG-1	1
CTGCCAACATCGTG-1	1
CTGCCAACCTCGCT-1	1
CTGCCAACTGGTGT-1	1
CTGCGACTCCATGA-1	1
CTGGAAACGACAGG-1	1
CTGGAAACTGCATG-1	1
CTGGATGACGGGAA-1	1
CTGGATGAGACGAG-1	1
CTGGATGATATTCC-1	1
CTGGCACTAATCGC-1	1
CTGGCACTTCTTAC-1	1
CTGTAACTAATCGC-1	1
CTGTAACTGTCACA-1	1
CTGTAACTTAGACC-1	1
CTGTATACTACTCT-1	1
CTGTATACTGGGAG-1	1
CTGTGAGAAAGAGT-1	1
CTGTGAGAGAGCTT-1	1
CTTAAGCTCGTTAG-1	1
CTTACAACCTGTCC-1	1
CTTACATGAAGGGC-1	1
CTTACATGCCCTCA-1	1
CTTACATGGTAAAG-1	1
CTTACATGTCGCCT-1	1
CTTACTGAACTTTC-1	1
CTTACTGACCATAG-1	1
CTTAGACTAGATGA-1	1
CTTAGGGACTGTCC-1	1
CTTATCGAATCGGT-1	1
CTTCATGAAACAGA-1	1
CTTCATGACAGAGG-1	1
CTTCATGACCACAA-1	1
CTTCATGACGACAT-1	1
CTTCATGACGACTA-1	1
CTTCATGAGGTAGG-1	1
CTTCATGATGCTTT-1	1
CTTCATGATTCCGC-1	1
CTTCTAGAACCAAC-1	1
CTTGAGGATTCAGG-1	1
CTTGATTGACCCTC-1	1
CTTGATTGGGAGCA-1	1
CTTGTATGCACACA-1	1
CTTGTATGCCGTAA-1	1
CTTGTATGGGTGTT-1	1
CTTGTATGTGCAAC-1	1
CTTTACGAAACCAC-1	1
CTTTACGAACCTCC-1	1
CTTTACGACCCACT-1	1
CTTTACGATCCTCG-1	1
CTTTAGACAACAGA-1	1
CTTTAGACCCGATA-1	1
CTTTAGACGGACAG-1	1
CTTTAGTGACAGCT-1	1
CTTTAGTGGGGCAA-1	1
CTTTCAGAAGAGGC-1	1
CTTTCAGAAGCGTT-1	1
CTTTCAGATCTTTG-1	1
CTTTGATGAGTCTG-1	1
CTTTGATGCTTACT-1	1
GAAACAGAATGACC-1	1
GAAACAGACAATCG-1	1
GAAACCTGAGCTCA-1	1
GAAACCTGGGTACT-1	1
GAAACCTGGTGAGG-1	1
GAAACCTGGTGTAC-1	1
GAAAGATGCGACTA-1	1
GAAAGATGTCTACT-1	1
GAAAGCCTACCTCC-1	1
GAAAGTGACCTCCA-1	1
GAAAGTGATGGTCA-1	1
GAAATACTTCTAGG-1	1
GAACACACAATCGC-1	1
GAACACACATGCCA-1	1
GAACACACCCCTCA-1	1
GAACACACGCTATG-1	1
GAACAGCTACTAGC-1	1
GAACCAACAAGTGA-1	1
GAACCAACACCACA-1	1
GAACCTGATCATTC-1	1
GAACGGGAAAAGTG-1	1
GAACGGGACCTGTC-1	1
GAACGGGACTTGCC-1	1
GAACGGGAGAACTC-1	1
GAACGTTGGATAAG-1	1
GAACGTTGGGTTCA-1	1
GAACGTTGTGAAGA-1	1
GAAGAATGGGTCTA-1	1
GAAGATGATCAGTG-1	1
GAAGCGGACTAGCA-1	1
GAAGCGGACTTGTT-1	1
GAAGCGGAGCCTTC-1	1
GAAGCTACCAAGCT-1	1
GAAGCTTGAGCCAT-1	1
GAAGCTTGCTCGAA-1	1
GAAGCTTGTGATGC-1	1
GAAGGGTGAGTCAC-1	1
GAAGGGTGGGATCT-1	1
GAAGGTCTCTCTCG-1	1
GAAGGTCTGAAAGT-1	1
GAAGGTCTTAAGCC-1	1
GAAGGTCTTGCAGT-1	1
GAAGTAGAAAGTGA-1	1
GAAGTAGATGTTTC-1	1
GAAGTCACCCAAGT-1	1
GAAGTCACCTGCTC-1	1
GAAGTCTGATGTGC-1	1
GAAGTGCTAGTTCG-1	1
GAAGTGCTGGGCAA-1	1
GAATGCACAAGCCT-1	1
GAATGCACATCTTC-1	1
GAATGCACCCGCTT-1	1
GAATGCACGAGAGC-1	1
GAATGGCTTCGTAG-1	1
GAATTAACACGCAT-1	1
GAATTAACGATAGA-1	1
GACAACACGATAAG-1	1
GACAACACGTACCA-1	1
GACAACACTTGCGA-1	1
GACACTGAAAGCCT-1	1
GACACTGAGTACCA-1	1
GACAGGGACTGAGT-1	1
GACAGGGATGAGAA-1	1
GACAGTACGGAGTG-1	1
GACAGTTGAGATGA-1	1
GACATTCTAAACAG-1	1
GACATTCTACGGGA-1	1
GACATTCTATCAGC-1	1
GACATTCTCATGAC-1	1
GACATTCTCCACAA-1	1
GACATTCTTATCGG-1	1
GACCAAACCTGACA-1	1
GACCAAACGGGATG-1	1
GACCAAACTATCTC-1	1
GACCATGATTCATC-1	1
GACCTAGACTACGA-1	1
GACCTAGAGCTAAC-1	1
GACCTCACTATGCG-1	1
GACCTCACTCCAAG-1	1
GACCTCTGCGCATA-1	1
GACCTCTGTCCTTA-1	1
GACCTCTGTTTGTC-1	1
GACGAACTGGAAAT-1	1
GACGAACTTGGAGG-1	1
GACGAGGAATTCGG-1	1
GACGAGGAGAATAG-1	1
GACGAGGAGCAAGG-1	1
GACGAGGAGCTGAT-1	1
GACGAGGATGCATG-1	1
GACGAGGATTAGGC-1	1
GACGAGGATTGAGC-1	1
GACGAGGATTTGTC-1	1
GACGATTGGCAGAG-1	1
GACGATTGGCCCTT-1	1
GACGATTGGTTGTG-1	1
GACGATTGTTCACT-1	1
GACGCCGAAAGCAA-1	1
GACGCCGATTACCT-1	1
GACGCTCTAGCACT-1	1
GACGCTCTCTGACA-1	1
GACGGCACCATCAG-1	1
GACGGCACGCTACA-1	1
GACGTAACACGTGT-1	1
GACGTAACTCTTAC-1	1
GACGTATGAATCGC-1	1
GACGTATGAGGTTC-1	1
GACGTATGCTCTAT-1	1
GACGTATGGACAGG-1	1
GACGTCCTCGGTAT-1	1
GACGTCCTTTCATC-1	1
GACTACGATTCACT-1	1
GACTCCTGTCGATG-1	1
GACTGAACACCCTC-1	1
GACTGTGAACTGGT-1	1
GACTTTACCATACG-1	1
GACTTTACTAAGCC-1	1
GAGAAATGTCAGTG-1	1
GAGATAGAAGTAGA-1	1
GAGATAGACTCGAA-1	1
GAGATAGAGCGAAG-1	1
GAGATAGATACGCA-1	1
GAGATCACCATGGT-1	1
GAGATCACGAGCAG-1	1
GAGATCACGGAAAT-1	1
GAGATGCTCAGTCA-1	1
GAGATGCTCGAACT-1	1
GAGCAACTTATTCC-1	1
GAGCAGGAAGCTCA-1	1
GAGCAGGAAGGCGA-1	1
GAGCATACATCTTC-1	1
GAGCATACGAGGTG-1	1
GAGCATACGGACGA-1	1
GAGCGAGATACGAC-1	1
GAGCGCACCTACCC-1	1
GAGCGCTGCTTGCC-1	1
GAGCGCTGGGACTT-1	1
GAGCGCTGTGGTTG-1	1
GAGCGCTGTTCGCC-1	1
GAGCGGCTCCTACC-1	1
GAGCGGCTCTTATC-1	1
GAGCTCCTCTCCCA-1	1
GAGGACGAACCCAA-1	1
GAGGATCTAGCTAC-1	1
GAGGATCTGAGGCA-1	1
GAGGATCTGGAGCA-1	1
GAGGATCTGTAAAG-1	1
GAGGCCACGCCCTT-1	1
GAGGCCACGGGTGA-1	1
GAGGGAACACTGGT-1	1
GAGGGAACAGTCTG-1	1
GAGGGAACCCCGTT-1	1
GAGGGATGAAGTGA-1	1
GAGGGCCTCTCTTA-1	1
GAGGGCCTGACAGG-1	1
GAGGGTGAAAGAAC-1	1
GAGGGTGAACTCTT-1	1
GAGGGTGAAGAGAT-1	1
GAGGGTGAGATGAA-1	1
GAGGTACTAACCTG-1	1
GAGGTGGACGTCTC-1	1
GAGGTTACTTCTTG-1	1
GAGGTTTGATGCTG-1	1
GAGTAAGAACTACG-1	1
GAGTAAGATGCACA-1	1
GAGTACACAGCAAA-1	1
GAGTACACATGGTC-1	1
GAGTACACCGGGAA-1	1
GAGTACACTAGCCA-1	1
GAGTACTGTGGTTG-1	1
GAGTCAACAAAAGC-1	1
GAGTCAACGCTACA-1	1
GAGTGACTGGCATT-1	1
GAGTGACTTAAGGA-1	1
GAGTGGGACTTGAG-1	1
GAGTGGGATCTTAC-1	1
GAGTGTTGACTAGC-1	1
GAGTGTTGAGCTCA-1	1
GAGTGTTGGGTCAT-1	1
GAGTTGTGAAGGCG-1	1
GATAAGGAACACAC-1	1
GATAAGGATGACTG-1	1
GATACTCTAACAGA-1	1
GATACTCTAGAACA-1	1
GATACTCTCAGAGG-1	1
GATACTCTCTAAGC-1	1
GATAGAGAACGTGT-1	1
GATAGAGATTGGCA-1	1
GATAGCACAACCAC-1	1
GATAGCACACTAGC-1	1
GATAGCACAGACTC-1	1
GATAGCACCATGAC-1	1
GATAGCACGTTGCA-1	1
GATATAACAATCGC-1	1
GATATAACTTATCC-1	1
GATATATGACGGAG-1	1
GATATCCTGTGAGG-1	1
GATATCCTTTTGGG-1	1
GATATTGAGCTATG-1	1
GATATTGATTGCTT-1	1
GATCATCTCGTACA-1	1
GATCATCTGAGCTT-1	1
GATCCGCTACGCTA-1	1
GATCCGCTTACTGG-1	1
GATCCGCTTAGCGT-1	1
GATCGAACATCGAC-1	1
GATCGAACCCTTAT-1	1
GATCGAACGAGAGC-1	1
GATCGAACTAGCGT-1	1
GATCGAACTGTGGT-1	1
GATCGATGCGATAC-1	1
GATCGATGGTGTAC-1	1
GATCGTGAAATCGC-1	1
GATCGTGATACTGG-1	1
GATCGTGATGCACA-1	1
GATCTACTATTCGG-1	1
GATCTACTGACAAA-1	1
GATCTACTTTACCT-1	1
GATCTTTGACGTAC-1	1
GATCTTTGCTCTAT-1	1
GATGACACTGGTTG-1	1
GATGCCCTGGACTT-1	1
GATGCCCTTGTAGC-1	1
GATTCGGAAATGCC-1	1
GATTCGGAACTTTC-1	1
GATTCGGAGACACT-1	1
GATTCTACGCGAAG-1	1
GATTCTTGAACGAA-1	1
GATTCTTGAGCGGA-1	1
GATTCTTGGGTATC-1	1
GATTGGACGAAGGC-1	1
GATTGGTGATCTTC-1	1
GATTTGCTGTTAGC-1	1
GCAACCCTATGCTG-1	1
GCAACCCTCAAAGA-1	1
GCAACTGACACACA-1	1
GCAACTGACAGAGG-1	1
GCAACTGACCAAGT-1	1
GCAACTGATCCTGC-1	1
GCAATCGAAGAGGC-1	1
GCAATCGAGAGATA-1	1
GCAATCGAGGCGAA-1	1
GCAATTCTACGCAT-1	1
GCAATTCTCTACTT-1	1
GCAATTCTTCCAGA-1	1
GCACAAACAGCTCA-1	1
GCACAAACGTTTCT-1	1
GCACACCTGAAGGC-1	1
GCACACCTGAGGAC-1	1
GCACACCTTTGCAG-1	1
GCACCACTGGTGTT-1	1
GCACCACTTGAAGA-1	1
GCACCACTTGGAAA-1	1
GCACCACTTTGCGA-1	1
GCACCTACAAGTGA-1	1
GCACCTACTTGGTG-1	1
GCACCTTGACTTTC-1	1
GCACCTTGGCCCTT-1	1
GCACGGTGGTTACG-1	1
GCACGTCTAACGAA-1	1
GCACGTCTTGCCAA-1	1
GCACGTCTTTGCAG-1	1
GCACTAGAAGGCGA-1	1
GCACTAGAGCGATT-1	1
GCACTGCTAGTCAC-1	1
GCAGATACAGCAAA-1	1
GCAGATACGAGGGT-1	1
GCAGCCGACTATGG-1	1
GCAGCCGATGAGCT-1	1
GCAGCCGATTCCGC-1	1
GCAGCTCTAAGGTA-1	1
GCAGCTCTGGATCT-1	1
GCAGCTCTTGGTTG-1	1
GCAGGCACCAAAGA-1	1
GCAGGCACCCAGTA-1	1
GCAGGCACCTGGAT-1	1
GCAGGGCTTGCATG-1	1
GCAGTCCTGCGATT-1	1
GCAGTCCTGTAAGA-1	1
GCAGTCCTTTAGGC-1	1
GCAGTTGAAAAACG-1	1
GCAGTTGACATTCT-1	1
GCATCAGAAAGAAC-1	1
GCATCAGACAACTG-1	1
GCATCAGATTGTCT-1	1
GCATGATGTTCTGT-1	1
GCATGTGAGTGCTA-1	1
GCATTGGAAAAGCA-1	1
GCATTGGAGAAACA-1	1
GCATTGGATCTATC-1	1
GCCAAAACAGAGTA-1	1
GCCAAAACGTCCTC-1	1
GCCAAAACTGTCGA-1	1
GCCAAATGAATCGC-1	1
GCCAAATGGCATCA-1	1
GCCAACCTAACAGA-1	1
GCCAACCTACCATG-1	1
GCCAACCTAGTCAC-1	1
GCCAACCTATCGAC-1	1
GCCAACCTCACTAG-1	1
GCCACGGATTGTGG-1	1
GCCACTACTATTCC-1	1
GCCACTACTCAGTG-1	1
GCCATCACATCTTC-1	1
GCCATGCTATGCCA-1	1
GCCATGCTCGGTAT-1	1
GCCATGCTCTACTT-1	1
GCCATGCTGAATCC-1	1
GCCATGCTGTTGAC-1	1
GCCCAACTACTGTG-1	1
GCCCATACGCAGAG-1	1
GCCCATACGCGGAA-1	1
GCCCATACTAGACC-1	1
GCCGACGAATCGAC-1	1
GCCGACGACAGCTA-1	1
GCCGACGAGCGAGA-1	1
GCCGAGTGAAAGTG-1	1
GCCGGAACCATTGG-1	1
GCCGGAACGACACT-1	1
GCCGTACTAACGTC-1	1
GCCGTACTCCCACT-1	1
GCCGTACTCGTGTA-1	1
GCCGTACTTGTCAG-1	1
GCCTACACCAGCTA-1	1
GCCTACACTTGAGC-1	1
GCCTCAACACCATG-1	1
GCCTCAACTACTGG-1	1
GCCTCATGCTACGA-1	1
GCCTCATGGTCACA-1	1
GCCTGACTTCGACA-1	1
GCGAAGGACTTTAC-1	1
GCGAAGGATATGGC-1	1
GCGACTCTCGAGAG-1	1
GCGACTCTGAGGGT-1	1
GCGAGAGAGACTAC-1	1
GCGAGAGATCTCGC-1	1
GCGAGCACCCCAAA-1	1
GCGAGCACGACACT-1	1
GCGAGCACTTCCAT-1	1
GCGATATGACGGAG-1	1
GCGATATGGTCGAT-1	1
GCGATATGGTTGCA-1	1
GCGCACGACCGATA-1	1
GCGCACGATCACCC-1	1
GCGCATCTCAGTCA-1	1
GCGCGAACCATGCA-1	1
GCGCGAACGTTCGA-1	1
GCGCGAACTCGATG-1	1
GCGCGAACTGTGGT-1	1
GCGCGATGCTTGGA-1	1
GCGGACTGAGGGTG-1	1
GCGGACTGCGTCTC-1	1
GCGGAGCTCGGGAA-1	1
GCGGAGCTGGGCAA-1	1
GCGGAGCTTGGAGG-1	1
GCGGCAACCAGAAA-1	1
GCGGCAACGACACT-1	1
GCGTAAACGCTGAT-1	1
GCGTAATGAGGGTG-1	1
GCGTAATGATGTGC-1	1
GCGTAATGCCCACT-1	1
GCTACAGACGACAT-1	1
GCTACAGATGCATG-1	1
GCTACCTGACGTGT-1	1
GCTACCTGCATGCA-1	1
GCTACCTGCCATGA-1	1
GCTACCTGTGAGAA-1	1
GCTACGCTCATACG-1	1
GCTACGCTCTCGCT-1	1
GCTAGAACACGCAT-1	1
GCTAGAACCAGAGG-1	1
GCTAGAACTCTCGC-1	1
GCTAGATGGAGGAC-1	1
GCTATACTCTCAGA-1	1
GCTATACTGCGGAA-1	1
GCTATACTTCGCAA-1	1
GCTATACTTTTCAC-1	1
GCTCAAGAGCATAC-1	1
GCTCAAGATCTCTA-1	1
GCTCACTGTCAAGC-1	1
GCTCAGCTATTCTC-1	1
GCTCAGCTATTGGC-1	1
GCTCCATGTCTGGA-1	1
GCTCGACTCAAGCT-1	1
GCTCGACTCCATGA-1	1
GCTGATGAAGCTAC-1	1
GCTGATGAGGTAAA-1	1
GCTTAACTATCTCT-1	1
GCTTAACTTTCTGT-1	1
GCTTGAGAAAGATG-1	1
GCTTGAGAGGAGGT-1	1
GCTTGAGAGTTAGC-1	1
GCTTGAGATAAGGA-1	1
GGAACACTGGGCAA-1	1
GGAACACTGTACGT-1	1
GGAACTACCTACTT-1	1
GGAACTACCTTAGG-1	1
GGAACTACTATCTC-1	1
GGAACTTGATCGAC-1	1
GGAAGGACCCTCCA-1	1
GGAAGGACCGGGAA-1	1
GGAAGGACTGGGAG-1	1
GGAAGGACTTGACG-1	1
GGAAGGTGGCAGTT-1	1
GGAAGGTGGTACAC-1	1
GGAAGGTGGTCTGA-1	1
GGAAGGTGTAGTCG-1	1
GGAATCTGTCGCTC-1	1
GGACAACTACTTTC-1	1
GGACAACTAGCATC-1	1
GGACAACTCTCTCG-1	1
GGACAACTTTAGGC-1	1
GGACAGGACACTTT-1	1
GGACAGGACATCAG-1	1
GGACAGGATGAGGG-1	1
GGACAGGATTGCAG-1	1
GGACATTGAGCCTA-1	1
GGACCCGACAGTTG-1	1
GGACCGTGAAGGTA-1	1
GGACCGTGAGTGCT-1	1
GGACCGTGCATGCA-1	1
GGACCGTGCTGTAG-1	1
GGACCTCTCCCTAC-1	1
GGACGAGAAAGCCT-1	1
GGACGAGAGAGACG-1	1
GGACGCACAGCCAT-2	1
GGACGCTGCACTCC-1	1
GGACGCTGCCCTCA-1	1
GGACTATGCTGACA-1	1
GGAGACGAAAAACG-1	1
GGAGACGAAGCATC-1	1
GGAGACGACTTACT-1	1
GGAGACGATGCCCT-1	1
GGAGAGACTAGACC-1	1
GGAGCGCTATGACC-1	1
GGAGCGCTCTGATG-1	1
GGAGGATGGGTTAC-1	1
GGAGGATGTACTCT-1	1
GGAGGATGTTCGCC-1	1
GGAGGCCTCACTCC-1	1
GGAGGCCTCAGTCA-1	1
GGAGGCCTCTAGAC-1	1
GGAGGTGAACCAGT-1	1
GGAGGTGAAGAAGT-1	1
GGAGTTACCGCCTT-1	1
GGAGTTTGTACGCA-1	1
GGATACTGACGTGT-1	1
GGATACTGCACAAC-1	1
GGATAGCTACGGTT-1	1
GGATGTACATGCCA-1	1
GGATGTACCGCCTT-1	1
GGATGTACGGTAAA-1	1
GGATGTACTGCAAC-1	1
GGATGTACTGCACA-1	1
GGATGTTGACGGTT-1	1
GGATGTTGTATCTC-1	1
GGATGTTGTCCTCG-1	1
GGATTGTGGATACC-1	1
GGATTTCTACTGGT-1	1
GGATTTCTATAAGG-1	1
GGCAAGGACCTACC-1	1
GGCAATACTGTGAC-1	1
GGCACGTGGGATCT-1	1
GGCACTCTAACCGT-1	1
GGCACTCTCTACTT-1	1
GGCATATGACTACG-1	1
GGCATATGAGATCC-1	1
GGCATATGTCCGAA-1	1
GGCCACGAAAGAGT-1	1
GGCCACGAAGTGTC-1	1
GGCCACGACTCATT-1	1
GGCCACGATCGTTT-1	1
GGCCACGATGCAGT-1	1
GGCCAGACCCTTCG-1	1
GGCCCAGATACAGC-1	1
GGCCGAACACCAGT-1	1
GGCCGAACACCGAT-1	1
GGCCGAACCACAAC-1	1
GGCCGATGGTATCG-1	1
GGCGACACAGAGGC-1	1
GGCGACACGTTTCT-1	1
GGCGACACTATCTC-1	1
GGCGACTGCTTAGG-1	1
GGCGCATGGGGACA-1	1
GGCGGACTAGTCGT-1	1
GGCGGACTCGCATA-1	1
GGCGGACTCGTACA-1	1
GGCTAAACACTGTG-1	1
GGCTAAACATGACC-1	1
GGCTAAACCCACAA-1	1
GGCTCACTCCCTCA-1	1
GGGAACGAACCATG-1	1
GGGAACGAACGACT-1	1
GGGAACGACTCAAG-1	1
GGGAACGAGGGTGA-1	1
GGGAAGACCGACTA-1	1
GGGAAGTGTGACAC-1	1
GGGAAGTGTTCTGT-1	1
GGGAAGTGTTGAGC-1	1
GGGACCACCGTGAT-1	1
GGGACCACGCGAAG-1	1
GGGACCACGTCTGA-1	1
GGGACCACTTTACC-1	1
GGGACCTGGTTGGT-1	1
GGGATGGAAAAGTG-1	1
GGGATGGAAGTCAC-1	1
GGGATTACCTTGAG-1	1
GGGATTACTCGCCT-1	1
GGGATTACTGCACA-1	1
GGGCAAGAGAATAG-1	1
GGGCAAGATATCGG-1	1
GGGCAGCTACTCTT-1	1
GGGCAGCTCTACCC-1	1
GGGCCAACACCGAT-1	1
GGGCCAACCGAGTT-1	1
GGGCCAACGTGAGG-1	1
GGGCCAACGTGTTG-1	1
GGGCCAACTGGGAG-1	1
GGGCCAACTGGTAC-1	1
GGGCCATGCTTATC-1	1
GGGCCATGTCTACT-1	1
GGGTAACTAGGCGA-1	1
GGGTAACTGATAGA-1	1
GGGTTAACGTCTGA-1	1
GGGTTAACTTGTCT-1	1
GGGTTATGCGAATC-1	1
GGGTTATGTGGTCA-1	1
GGGTTATGTTCGTT-1	1
GGTAAAGAATCGTG-1	1
GGTAAAGACCATAG-1	1
GGTAAAGATGAACC-1	1
GGTACAACGTCCTC-1	1
GGTACTGAACTAGC-1	1
GGTAGTACAGCATC-1	1
GGTAGTACCAAAGA-1	1
GGTAGTACCGGGAA-1	1
GGTAGTACGTATCG-1	1
GGTAGTACTCCTAT-1	1
GGTATCGAACACAC-1	1
GGTATGACCCAACA-1	1
GGTCAAACATCTCT-1	1
GGTGATACCCTCCA-1	1
GGTGATACCGGAGA-1	1
GGTGATACTCCCAC-1	1
GGTGGAGACTGCAA-1	1
GGTGGAGAGATAAG-1	1
GGTTGAACGCCTTC-1	1
GGTTTACTAGTAGA-1	1
GGTTTACTTGGTTG-1	1
GTAACGTGACCTGA-1	1
GTAAGCACTGAAGA-1	1
GTAAGCTGAGAGAT-1	1
GTAAGCTGATCACG-1	1
GTAATAACACCCAA-1	1
GTAATAACATGTCG-1	1
GTAATAACCCTTGC-1	1
GTAATAACGCTTAG-1	1
GTAATAACTCTCCG-1	1
GTAATATGTCCTCG-1	1
GTAATATGTGACCA-1	1
GTACAGTGGCCCTT-1	1
GTACAGTGTAGCCA-1	1
GTACCCTGCACTTT-1	1
GTACGAACAAACAG-1	1
GTACGAACCTGAGT-1	1
GTACGTGACCGTAA-1	1
GTACTACTAGAAGT-1	1
GTACTTTGCGAGTT-1	1
GTACTTTGCTCTCG-1	1
GTAGACTGCCTCGT-1	1
GTAGCAACACTGTG-1	1
GTAGCAACATCGAC-1	1
GTAGCAACCAGTTG-1	1
GTAGCATGGGAAGC-1	1
GTAGCATGTGAGGG-1	1
GTAGCATGTGGTTG-1	1
GTAGCCCTACTTTC-1	1
GTAGCCCTGGTACT-1	1
GTAGCTGAAAACGA-1	1
GTAGCTGACACACA-1	1
GTAGGTACCGTTAG-1	1
GTAGGTACTCCTTA-1	1
GTAGTCGAGCTGTA-1	1
GTAGTCGAGTCATG-1	1
GTAGTGACCTCCAC-1	1
GTAGTGACGTAAGA-1	1
GTAGTGTGCCTTGC-1	1
GTATCACTGGCAAG-1	1
GTATCACTTCTGGA-1	1
GTATCACTTTTCGT-1	1
GTATCTACAACGAA-1	1
GTATCTACATGTGC-1	1
GTATGGTGCTCAGA-1	1
GTATTAGAACTAGC-1	1
GTATTCACAGCCAT-1	1
GTATTCACAGCCTA-1	1
GTATTCACGACAAA-1	1
GTATTCACGTTCGA-1	1
GTCAACGACACTGA-1	1
GTCAACGACGGTAT-1	1
GTCAATCTGAGGTG-1	1
GTCACAGAAAGCCT-1	1
GTCACAGACCATGA-1	1
GTCACAGAGCGTAT-1	1
GTCACAGAGGTAGG-1	1
GTCACCTGTCGTTT-1	1
GTCATACTAAACAG-1	1
GTCCAAGACAGTTG-1	1
GTCCAAGAGAACTC-1	1
GTCCAAGATTTACC-1	1
GTCCACACGACTAC-1	1
GTCCACTGCGACAT-1	1
GTCCACTGGAGCAG-1	1
GTCCACTGTCCAAG-1	1
GTCCAGCTACTACG-1	1
GTCCCATGAACGAA-1	1
GTCCCATGACCACA-1	1
GTCCCATGATGCTG-1	1
GTCCCATGGTTGGT-1	1
GTCGAATGACAGCT-1	1
GTCGACCTATCGGT-1	1
GTCGCACTAGTCGT-1	1
GTCGCACTCATGAC-1	1
GTCGCACTGAGACG-1	1
GTCGCACTTCTGGA-1	1
GTCGCACTTGCAGT-1	1
GTCGCACTTGGTAC-1	1
GTCGCACTTGTCGA-1	1
GTCTAACTCATACG-1	1
GTCTAACTTCCAAG-1	1
GTCTAGGAACTGGT-1	1
GTCTAGGACTCGCT-1	1
GTCTAGGAGACGTT-1	1
GTCTAGGATAACGC-1	1
GTCTGAGAATTGGC-1	1
GTCTGAGAGCGATT-1	1
GTGAACACAACGAA-1	1
GTGAACACCACTCC-1	1
GTGACAACCCTACC-1	1
GTGACAACGTATCG-1	1
GTGACAACTAGTCG-1	1
GTGACCCTACGCAT-1	1
GTGACCCTACGTAC-1	1
GTGACCCTCAGAGG-1	1
GTGACCCTGCCATA-1	1
GTGACCCTGGCGAA-1	1
GTGACCCTGTGCAT-1	1
GTGACCCTTTATCC-1	1
GTGACCCTTTGACG-1	1
GTGAGGGAACCTCC-1	1
GTGAGGGAAGTCTG-1	1
GTGAGGGACCTCCA-1	1
GTGAGGGAGAATCC-1	1
GTGATCGAAAGCCT-1	1
GTGATCGAACGTTG-1	1
GTGATCGAGCATCA-1	1
GTGATCGAGCTATG-1	1
GTGATCGATTATCC-1	1
GTGATCGATTTACC-1	1
GTGCAAACCTCCCA-1	1
GTGCCACTAATGCC-1	1
GTGCCACTGGTGTT-1	1
GTGCCACTTGACCA-1	1
GTGCCACTTGGCAT-1	1
GTGCTAGAAACAGA-1	1
GTGCTAGACTAGCA-1	1
GTGCTAGACTTCCG-1	1
GTGGAGGAACAGCT-1	1
GTGGAGGAGACACT-1	1
GTGGAGGAGAGGTG-1	1
GTGGATTGCCCTCA-1	1
GTGGATTGCTTGTT-1	1
GTGGATTGTGGTTG-1	1
GTGTACGAAGCGGA-1	1
GTGTACGACCACCT-1	1
GTGTAGTGTAAGGA-1	1
GTGTAGTGTCTTAC-1	1
GTGTATCTGCCATA-1	1
GTGTATCTGCCTTC-1	1
GTGTATCTGTTGTG-1	1
GTGTCAGAAAACGA-1	1
GTGTCAGAACCTAG-1	1
GTGTGATGCATACG-1	1
GTTAAAACCACTCC-1	1
GTTAAAACTAGAAG-1	1
GTTAAATGACGGTT-1	1
GTTAAATGGAGGGT-1	1
GTTAAATGGGTTTG-1	1
GTTACGGAGGAGTG-1	1
GTTAGGTGCCCTCA-1	1
GTTAGGTGTTATCC-1	1
GTTAGTCTGTGTAC-1	1
GTTATGCTCATACG-1	1
GTTATGCTCCTCGT-1	1
GTTATGCTGGACGA-1	1
GTTATGCTTGTCTT-1	1
GTTCAGGAAAAGCA-1	1
GTTCATACAACCAC-1	1
GTTCATACAACTGC-1	1
GTTCATACACGGAG-1	1
GTTGACGACTGTCC-1	1
GTTGACGATCCAGA-1	1
GTTGAGTGGTTTCT-1	1
GTTGATCTGGACGA-1	1
GTTGATCTTCATTC-1	1
GTTGGATGAGGGTG-1	1
GTTGTACTGCTGTA-1	1
GTTGTACTTATGGC-1	1
GTTTAAGATTCATC-1	1
TAAACAACCACTCC-1	1
TAAAGACTACCTAG-1	1
TAAAGACTGAACTC-1	1
TAAAGTTGGGTAGG-1	1
TAAAGTTGTCCAGA-1	1
TAAATCGAATCGTG-1	1
TAAATCGAGTTTCT-1	1
TAAATGTGCTGGAT-1	1
TAAATGTGTGCTCC-1	1
TAACAATGCCGTTC-1	1
TAACACCTACCGAT-1	1
TAACACCTTGAAGA-1	1
TAACACCTTGGGAG-1	1
TAACACCTTTGGTG-1	1
TAACATGATTCACT-1	1
TAACCGGATCAGTG-1	1
TAACTAGACTACTT-1	1
TAACTAGACTTACT-1	1
TAACTAGACTTCTA-1	1
TAACTAGAGTCGTA-1	1
TAACTCACTCCCAC-1	1
TAAGAGGAGAAGGC-1	1
TAAGATACCAAAGA-1	1
TAAGATACCCTCAC-1	1
TAAGATACCGCTAA-1	1
TAAGATACCTATTC-1	1
TAAGATACGAGGTG-1	1
TAAGATACTTTCTG-1	1
TAAGATTGGGCATT-1	1
TAAGCTCTGTAGGG-1	1
TAAGCTCTTTGCGA-1	1
TAAGGCTGGCGTAT-1	1
TAAGTAACGAGGTG-1	1
TAAGTAACTACTTC-1	1
TAAGTAACTTATCC-1	1
TAAGTCCTGTTGTG-1	1
TAATCCACGCGAGA-1	1
TAATCCACTGAAGA-1	1
TAATCGCTGTGTCA-1	1
TAATCGCTTAACGC-1	1
TAATGAACCTGCTC-1	1
TAATGCCTAGAAGT-1	1
TAATGTGAAGAGAT-1	1
TAATGTGAATCGGT-1	1
TAATGTGACCACAA-1	1
TACAAATGCATGAC-1	1
TACAAATGTCAAGC-1	1
TACAATGATTTCTG-1	1
TACACACTATGCTG-1	1
TACATAGACACTTT-1	1
TACATAGACAGTTG-1	1
TACATAGATGTGGT-1	1
TACCGAGAACCGAT-1	1
TACCGAGACTTCTA-1	1
TACCGGCTACCTAG-1	1
TACCGGCTTGGAGG-1	1
TACGACGATACAGC-1	1
TACGAGACCGTACA-1	1
TACGAGACGTTGCA-1	1
TACGAGTGCACTTT-1	1
TACGAGTGCGTCTC-1	1
TACGATCTCTGAAC-1	1
TACGATCTTCTTCA-1	1
TACGCAGAGCATAC-1	1
TACGCAGAGGCATT-1	1
TACGCCACAACGTC-1	1
TACGCCACCTTCTA-1	1
TACGCGCTAAGTGA-1	1
TACGCGCTGAGCTT-1	1
TACGCGCTTCGTTT-1	1
TACGGAACCGTGAT-1	1
TACGGCCTACTTTC-1	1
TACGGCCTCCGTTC-1	1
TACGTACTTCTGGA-1	1
TACGTTACGAGGGT-1	1
TACTAAGAAGGGTG-1	1
TACTAAGACGACTA-1	1
TACTACACGGTACT-1	1
TACTACTGAAGTAG-1	1
TACTACTGCACTCC-1	1
TACTACTGCCATGA-1	1
TACTCCCTTGACCA-1	1
TACTCTGACCGAAT-1	1
TACTCTGATATCTC-1	1
TACTGGGAGATACC-1	1
TACTGGGATGACTG-1	1
TACTGGGATGGAAA-1	1
TACTGTTGGGCGAA-1	1
TACTGTTGTGCACA-1	1
TACTTGACCATGGT-1	1
TACTTTCTTCCAGA-1	1
TAGAAACTTTACCT-1	1
TAGAATACGGCAAG-1	1
TAGAATTGACTCTT-1	1
TAGAATTGTCCTGC-1	1
TAGACGTGCATGCA-1	1
TAGACGTGGGAGGT-1	1
TAGAGAGACTTGGA-1	1
TAGATCCTGCATCA-1	1
TAGATTGACTCCCA-1	1
TAGATTGATCAGGT-1	1
TAGATTGATGTAGC-1	1
TAGCATCTACTTTC-1	1
TAGCATCTCATGAC-1	1
TAGCCCACAGGGTG-1	1
TAGCCCTGACGCAT-1	1
TAGCGATGACCTGA-1	1
TAGCGATGCATACG-1	1
TAGCGATGCCATAG-1	1
TAGCTACTCCGTAA-1	1
TAGGACTGTCTCAT-1	1
TAGGACTGTTCACT-1	1
TAGGAGCTGATGAA-1	1
TAGGCAACTGGATC-1	1
TAGGCAACTTTCAC-1	1
TAGGCATGACCCTC-1	1
TAGGCATGGTACGT-1	1
TAGGCTGACTTGGA-1	1
TAGGGACTCTGCTC-1	1
TAGGTCGAACCTCC-1	1
TAGGTCGAGTACAC-1	1
TAGGTCGATTTCGT-1	1
TAGGTGACACCAGT-1	1
TAGGTGACCTTCCG-1	1
TAGGTGTGAAGGTA-1	1
TAGGTGTGAGGTCT-1	1
TAGGTGTGGAATCC-1	1
TAGGTTCTAACGTC-1	1
TAGGTTCTAGGCGA-1	1
TAGGTTCTGACTAC-1	1
TAGTAAACGGACGA-1	1
TAGTAATGAACGAA-1	1
TAGTACCTTACTTC-1	1
TAGTCACTATCGGT-1	1
TAGTCACTGGCGAA-1	1
TAGTCGGAAGCCAT-1	1
TAGTCTTGAAAACG-1	1
TAGTCTTGATCACG-1	1
TAGTCTTGCTGTGA-1	1
TAGTCTTGTACGCA-1	1
TAGTCTTGTGTGGT-1	1
TAGTGGTGAGCTAC-1	1
TAGTGGTGCTGCTC-1	1
TAGTGGTGGTAGGG-1	1
TAGTGGTGTTCCGC-1	1
TAGTTAGAATAAGG-1	1
TAGTTAGACTTTAC-1	1
TAGTTCACGGGTGA-1	1
TAGTTGCTTAGAGA-1	1
TATAAGACATCAGC-1	1
TATAAGACCAACTG-1	1
TATAAGACCTGCTC-1	1
TATAAGACTAACGC-1	1
TATAAGTGGACTAC-1	1
TATAAGTGTTTGGG-1	1
TATACAGAACGGGA-1	1
TATACAGACTGTTT-1	1
TATACGCTCAACCA-1	1
TATACGCTGTCTAG-1	1
TATAGATGACGTAC-1	1
TATAGATGCGTAGT-1	1
TATAGATGGGTCTA-1	1
TATAGATGGTCTGA-1	1
TATCAAGACCTTCG-1	1
TATCACTGAGTAGA-1	1
TATCACTGGCTAAC-1	1
TATCAGCTTTACCT-1	1
TATCCAACTAGCGT-1	1
TATCGACTAGTTCG-1	1
TATCGACTCTATGG-1	1
TATCGACTTCCGAA-1	1
TATCTCGACGCAAT-1	1
TATCTCGAGGACTT-1	1
TATCTCGATGTAGC-1	1
TATCTGACCTCCAC-1	1
TATCTGACTGGTGT-1	1
TATCTGACTTACTC-1	1
TATCTTCTTCTGGA-1	1
TATGAATGCTACCC-1	1
TATGAATGGCAGTT-1	1
TATGAATGTCAGTG-1	1
TATGAATGTGCCCT-1	1
TATGCGGAGAGGGT-1	1
TATGCGGAGGGACA-1	1
TATGCGGAGTTGGT-1	1
TATGGGACATCGGT-1	1
TATGGGACTATCGG-1	1
TATGGGACTGCAGT-1	1
TATGGGACTGCCCT-1	1
TATGGGACTGGTAC-1	1
TATGGGTGCTAGCA-1	1
TATGGTCTAGTTCG-1	1
TATGGTCTGCATAC-1	1
TATGGTCTTTGGCA-1	1
TATGTCACAAGTAG-1	1
TATGTCACGGTTTG-1	1
TATGTCACGTAGCT-1	1
TATGTCTGACCTCC-1	1
TATGTGCTCGGGAA-1	1
TATTGCTGCAGTCA-1	1
TATTGCTGCCTTCG-1	1
TATTGCTGCTCTCG-1	1
TATTGCTGTCTACT-1	1
TATTGCTGTGCTTT-1	1
TATTTCCTAAACGA-1	1
TATTTCCTGTATCG-1	1
TATTTCCTTATCTC-1	1
TCAAGGACGCTGAT-1	1
TCAAGGTGCACAAC-1	1
TCAAGGTGCTCCCA-1	1
TCAAGTCTTCTGGA-1	1
TCACCCGATCCTCG-1	1
TCACCGTGCTGACA-1	1
TCACCTCTCAGTCA-1	1
TCACCTCTTGCACA-1	1
TCACGAGAATTCGG-1	1
TCACTATGCAAGCT-1	1
TCAGACGATAGAAG-1	1
TCAGACGATCCGTC-1	1
TCAGAGACACACGT-1	1
TCAGAGACTCCTTA-1	1
TCAGCAGAGGAAGC-1	1
TCAGCAGATAGAAG-1	1
TCAGCAGATGACTG-1	1
TCAGCGCTCTTGCC-1	1
TCAGGATGGAGCTT-1	1
TCAGGATGTGGAAA-1	1
TCAGTACTAAGAAC-1	1
TCAGTGGAGCCAAT-1	1
TCATCAACAAGGTA-1	1
TCATCATGTCTATC-1	1
TCATCATGTTTCGT-1	1
TCATGTACCATTTC-1	1
TCATTGACCTGCTC-1	1
TCCACGTGGGCGAA-1	1
TCCACGTGTTCTCA-1	1
TCCACTCTACCCTC-1	1
TCCACTCTCTCAAG-1	1
TCCACTCTTGTGAC-1	1
TCCACTCTTTTCAC-1	1
TCCAGAGAACGTTG-1	1
TCCAGAGAGTTTGG-1	1
TCCATCCTATGTGC-1	1
TCCATCCTCCAGTA-1	1
TCCATCCTTAAGCC-1	1
TCCCACGATTTGGG-1	1
TCCCAGACCAATCG-1	1
TCCCATCTAGTAGA-1	1
TCCCGAACCCTTGC-1	1
TCCCGATGCACTCC-1	1
TCCCGATGTGAGCT-1	1
TCCCTACTAGTACC-1	1
TCCCTACTAGTTCG-1	1
TCCCTACTGAATAG-1	1
TCCCTACTTGAGAA-1	1
TCCGAAGACCTACC-1	1
TCCGAAGAGCTGAT-1	1
TCCGAGCTCCAATG-1	1
TCCGAGCTCGCAAT-1	1
TCCGGACTTCCGTC-1	1
TCCGGACTTGTCGA-1	1
TCCTAAACCGATAC-1	1
TCCTAATGCTTCCG-1	1
TCCTAATGTGTCTT-1	1
TCCTACCTGACAAA-1	1
TCCTACCTTGGTAC-1	1
TCCTATGAGAATGA-1	1
TCCTATGAGTTGGT-1	1
TCGAATCTACGACT-1	1
TCGAATCTTGTCAG-1	1
TCGACCTGGTTGTG-1	1
TCGACGCTCTGTCC-1	1
TCGACGCTTGAAGA-1	1
TCGAGCCTAAAGCA-1	1
TCGAGCCTGTTCGA-1	1
TCGAGCCTTAAGGA-1	1
TCGAGCCTTGGTAC-1	1
TCGATTTGACGCTA-1	1
TCGATTTGTCGTGA-1	1
TCGCAAGAAGAGAT-1	1
TCGCAAGAGCTCCT-1	1
TCGCAAGAGTGTCA-1	1
TCGCAAGATGCTAG-1	1
TCGCACACCGGAGA-1	1
TCGCACACGTCGAT-1	1
TCGCACACTCTTAC-1	1
TCGCACACTTTGTC-1	1
TCGCACTGAGTCAC-1	1
TCGCAGCTGTGCAT-1	1
TCGCAGCTGTTAGC-1	1
TCGCCATGGGAGGT-1	1
TCGCCATGTTTGCT-1	1
TCGGACCTGAATGA-1	1
TCGGACCTGCGTAT-1	1
TCGGACCTTTACCT-1	1
TCGGCACTAAGCAA-1	1
TCGGTAGACCTGAA-1	1
TCGGTAGACGTGTA-1	1
TCGGTAGATTACCT-1	1
TCGTGAGATGCGTA-1	1
TCGTGAGATTCTTG-1	1
TCGTTATGCAACTG-1	1
TCGTTATGCGATAC-1	1
TCGTTATGGGGACA-1	1
TCGTTATGTCGCTC-1	1
TCTAACACTCTACT-1	1
TCTAACTGACGTGT-1	1
TCTACAACGAGATA-1	1
TCTACAACTTTCGT-1	1
TCTAGACTAACGGG-1	1
TCTAGTTGAAACGA-1	1
TCTAGTTGACCAGT-1	1
TCTATGTGTGGTCA-1	1
TCTCAAACAACGTC-1	1
TCTCAAACACCCTC-1	1
TCTCAAACCCATAG-1	1
TCTCAAACGGAGGT-1	1
TCTCAAACGTCTGA-1	1
TCTCCACTTAGAGA-1	1
TCTCCACTTGTGAC-1	1
TCTCTAGAAAGCCT-1	1
TCTCTAGATCTCGC-1	1
TCTCTAGATGCTTT-1	1
TCTTACGACTGTAG-1	1
TCTTGATGCCGATA-1	1
TGAAATTGCCGAAT-1	1
TGAAATTGCCTCCA-1	1
TGAAATTGGGAAAT-1	1
TGAAGCACATCTTC-1	1
TGAAGCACCTCGAA-1	1
TGAAGCACGCGTTA-1	1
TGAAGCACGTGTCA-1	1
TGAAGCACTTTGTC-1	1
TGAAGCTGGCATAC-1	1
TGAAGCTGGTAAGA-1	1
TGAAGCTGTCTCCG-1	1
TGAATAACAACGGG-1	1
TGACCAGAAGATCC-1	1
TGACCAGACGCTAA-1	1
TGACCGCTATCTCT-1	1
TGACCGCTTCGCTC-1	1
TGACGAACCAATCG-1	1
TGACGAACGTTGAC-1	1
TGACGAACTTTACC-1	1
TGACGCCTGAATAG-1	1
TGACTTACGAGGGT-1	1
TGACTTACGGACTT-1	1
TGACTTACGTACCA-1	1
TGACTTACTTGTGG-1	1
TGACTTTGGTCTGA-1	1
TGAGACACGTTCTT-1	1
TGAGCAACAGAGGC-1	1
TGAGCAACCTAGTG-1	1
TGAGCAACGGAAAT-1	1
TGAGCTGAAGCATC-1	1
TGAGCTGAGCGATT-1	1
TGAGCTGAGGTACT-1	1
TGAGCTGATTTCGT-1	1
TGAGGACTACACAC-1	1
TGAGGACTGTTCTT-1	1
TGAGGTACTCTATC-1	1
TGAGTCGACCCTCA-1	1
TGAGTCGAGGACAG-1	1
TGAGTGACCTTCCG-1	1
TGAGTGACCTTTAC-1	1
TGAGTGACGCATCA-1	1
TGATAAACCTGTGA-1	1
TGATAAACGCCCTT-1	1
TGATACCTGGTACT-1	1
TGATACCTGGTCTA-1	1
TGATACCTTCATTC-1	1
TGATTAGAGATAGA-1	1
TGATTCACACCAAC-1	1
TGATTCACTGATGC-1	1
TGATTCTGGAGGAC-1	1
TGCAACGAAAAGCA-1	1
TGCAAGACGGTACT-1	1
TGCAAGACTAAGGA-1	1
TGCAAGTGAGTCAC-1	1
TGCAATCTGCGAGA-1	1
TGCACAGAAGTGTC-1	1
TGCACGCTTATTCC-1	1
TGCACGCTTCTCTA-1	1
TGCAGATGAGCATC-1	1
TGCATGGAAGCCTA-1	1
TGCCAAGAGCTCCT-1	1
TGCCAGCTACTGTG-1	1
TGCCAGCTCCTCCA-1	1
TGCCCAACGGAAGC-1	1
TGCCCAACGTACGT-1	1
TGCCCAACTCTTTG-1	1
TGCCGACTCTATTC-1	1
TGCCGACTTTGACG-1	1
TGCGAAACTGTTTC-1	1
TGCGATGAAGCACT-1	1
TGCGATGAGCCATA-1	1
TGCGCACTATAAGG-1	1
TGCGTAGACTCTCG-1	1
TGCGTAGAGATACC-1	1
TGCGTAGATAGCCA-1	1
TGCTAGGATCGTAG-1	1
TGCTATACACCCAA-1	1
TGCTATACTGAACC-1	1
TGCTGAGATTCAGG-1	1
TGCTTAACCTCTAT-1	1
TGGAAAGAGCTATG-1	1
TGGAAAGATACTGG-1	1
TGGAAAGATCTACT-1	1
TGGAACACCCAACA-1	1
TGGAACACCCTGTC-1	1
TGGAACTGCGCAAT-1	1
TGGAACTGGAGGGT-1	1
TGGAACTGTGAGGG-1	1
TGGAAGCTACGGAG-1	1
TGGACCCTGCTGAT-1	1
TGGACTGAAGACTC-1	1
TGGACTGAAGGGTG-1	1
TGGACTGAGGTATC-1	1
TGGACTGATGGTTG-1	1
TGGAGACTCACTTT-1	1
TGGAGACTCTACGA-1	1
TGGAGACTGACTAC-1	1
TGGAGGGAACCTAG-1	1
TGGAGGGAAGATCC-1	1
TGGAGGGACCACAA-1	1
TGGAGGGACGTCTC-1	1
TGGAGGGAGAGCAG-1	1
TGGATGTGTAGCGT-1	1
TGGATGTGTGTTCT-1	1
TGGATTCTCCTTGC-1	1
TGGATTCTCTTGCC-1	1
TGGCACCTACGTTG-1	1
TGGCACCTACTGGT-1	1
TGGCACCTCTTGAG-1	1
TGGCACCTTACGCA-1	1
TGGGTATGTCTATC-1	1
TGGGTATGTGTAGC-1	1
TGGTAGACACTGTG-1	1
TGGTAGACCATGGT-1	1
TGGTAGTGCCCAAA-1	1
TGGTAGTGCCTATT-1	1
TGGTAGTGTGAAGA-1	1
TGGTCAGAACACTG-1	1
TGGTCAGATGGTTG-1	1
TGGTTACTAGGGTG-1	1
TGGTTACTATGCCA-1	1
TGTAAAACCAGGAG-1	1
TGTAAAACGTTCGA-1	1
TGTAATGAAAGAAC-1	1
TGTAATGAACTGTG-1	1
TGTAATGACTCTTA-1	1
TGTAATGAGTTTCT-1	1
TGTACTTGAGCACT-1	1
TGTACTTGTCCTGC-1	1
TGTAGGTGGACAAA-1	1
TGTAGGTGTCGTGA-1	1
TGTAGTCTACCAAC-1	1
TGTAGTCTCCGAAT-1	1
TGTAGTCTGCTGAT-1	1
TGTAGTCTTCAAGC-1	1
TGTATCTGACGACT-1	1
TGTATCTGGTTAGC-1	1
TGTATCTGTGACAC-1	1
TGTATGCTGAAACA-1	1
TGTATGCTGGACGA-1	1
TGTATGCTGTCAAC-1	1
TGTCAGGAGCCCTT-1	1
TGTCTAACAAGCCT-1	1
TGTCTAACCTGGAT-1	1
TGTCTAACGAGAGC-1	1
TGTGACGAAGCGTT-1	1
TGTGACGACTCCCA-1	1
TGTGAGACACTAGC-1	1
TGTGAGACCCCAAA-1	1
TGTGAGACTTCCCG-1	1
TGTGATCTAAAGCA-1	1
TGTGATCTGAAACA-1	1
TGTTAAGATATGCG-1	1
TGTTACACCCATGA-1	1
TGTTACTGATCTTC-1	1
TTAACCACTCTTTG-1	1
TTACACACATGCTG-1	1
TTACACACGCTTAG-1	1
TTACAGCTATCGTG-1	1
TTACAGCTCCAAGT-1	1
TTACAGCTGCATAC-1	1
TTACCATGTACTGG-1	1
TTACCATGTCGCAA-1	1
TTACGACTGTACGT-1	1
TTACGTACCGTTGA-1	1
TTACTCGACGAATC-1	1
TTACTCGAGGAAAT-1	1
TTAGACCTATTTCC-1	1
TTAGACCTCTCGCT-1	1
TTAGACCTTCCTTA-1	1
TTAGCTACGAATGA-1	1
TTAGCTACGCTTCC-1	1
TTAGCTACGGACTT-1	1
TTAGGGACTGCAAC-1	1
TTAGGGTGCTTGAG-1	1
TTAGGGTGGTCCTC-1	1
TTAGGTCTACGTTG-1	1
TTAGTCACCTCCCA-1	1
TTAGTCTGCTTGTT-1	1
TTATCCGACATGCA-1	1
TTATGAGAGTGCTA-1	1
TTATGCACCCTGAA-1	1
TTATGCACGGAGTG-1	1
TTATGCACTACGAC-1	1
TTATGCACTGCATG-1	1
TTATGCACTTATCC-1	1
TTATGCACTTCCCG-1	1
TTATGGCTACCCAA-1	1
TTATGGCTTGCCTC-1	1
TTATTCCTATGTCG-1	1
TTATTCCTCACTCC-1	1
TTCAACACAAGTGA-1	1
TTCAACACTGTCGA-1	1
TTCAAGCTAAGGCG-1	1
TTCACAACCCGTTC-1	1
TTCACAACGAATCC-1	1
TTCACCCTATTGGC-1	1
TTCACCCTCCTGTC-1	1
TTCACCCTCTTCCG-1	1
TTCACCCTGACGTT-1	1
TTCAGACTCATCAG-1	1
TTCAGACTCCTACC-1	1
TTCAGTACACAGTC-1	1
TTCATCGACACAAC-1	1
TTCATCGATGGTGT-1	1
TTCATGACAGCCTA-1	1
TTCATGACTCGCCT-1	1
TTCATGTGCGACTA-1	1
TTCCATGAACCACA-1	1
TTCCCACTCGACTA-1	1
TTCCTAGAACCTCC-1	1
TTCCTAGAAGATGA-1	1
TTCCTAGACTTCTA-1	1
TTCCTAGAGTCAAC-1	1
TTCGAGGAACGGAG-1	1
TTCGAGGAACTCAG-1	1
TTCGAGGAGACAGG-1	1
TTCGAGGAGCTTCC-1	1
TTCGAGGATTCATC-1	1
TTCGATTGGACAGG-1	1
TTCGATTGGACGGA-1	1
TTCGGAGACCTATT-1	1
TTCGTATGAACGAA-1	1
TTCGTATGCTGCAA-1	1
TTCGTATGGTCGAT-1	1
TTCTACGAATTCCT-1	1
TTCTACGACCCTTG-1	1
TTCTACGAGAACCT-1	1
TTCTACGATTTGTC-1	1
TTCTAGTGAAAGCA-1	1
TTCTAGTGAGTCGT-1	1
TTCTAGTGGTTCGA-1	1
TTCTAGTGTGCCAA-1	1
TTCTCAGAAGCGTT-1	1
TTCTCAGAGATACC-1	1
TTCTGATGTGGCAT-1	1
TTCTTACTAAACAG-1	1
TTCTTACTGGGCAA-1	1
TTGAACCTCACTTT-1	1
TTGAACCTGAGGTG-1	1
TTGAATGAAGCCTA-1	1
TTGAATGAGCTAAC-1	1
TTGAATGAGGAACG-1	1
TTGACACTCCAACA-1	1
TTGAGGACAGTCAC-1	1
TTGAGGACCAAGCT-1	1
TTGAGGACTGCCAA-1	1
TTGAGGTGTAGAAG-1	1
TTGATCTGAAACGA-1	1
TTGATCTGTTTCAC-1	1
TTGCATTGTCAGTG-1	1
TTGCTAACGTGAGG-1	1
TTGCTATGCTAGTG-1	1
TTGGAGACAGCATC-1	1
TTGGAGTGAGCGTT-1	1
TTGGAGTGTACAGC-1	1
TTGGTACTCGTGAT-1	1
TTGGTACTGCGTAT-1	1
TTGGTACTTAACCG-1	1
TTGTAGCTACGTAC-1	1
TTGTAGCTTCCTAT-1	1
TTGTCATGACGTTG-1	1
TTGTCATGCTCGAA-1	1
TTTAGAGAATCAGC-1	1
TTTAGAGACTTGGA-1	1
TTTAGAGAGGGATG-1	1
TTTAGAGAGTGAGG-1	1
TTTAGAGATTCGTT-1	1
TTTAGCTGTTATCC-1	1
TTTAGGCTAACCGT-1	1
TTTAGGCTATGTGC-1	1
TTTAGGCTTGACAC-1	1
TTTATCCTGCGAAG-1	1
TTTCACGAAGCCTA-1	1
TTTCACGACAAAGA-1	1
TTTCAGTGCGAGAG-1	1
TTTCAGTGCTCATT-1	1
TTTCCAGAATCAGC-1	1
TTTCCAGAGTTTCT-1	1
TTTCGAACTGTCAG-1	1
TTTCTACTTGTCGA-1	1
TTTGACTGCTAGCA-1	1
TTTGCATGATCTTC-1	1
TTTGCATGGGAGCA-1	1
TTTGCATGGGAGTG-1	1
